epoch,train_loss,val_auroc,val_ap,val_f1,val_precision,val_recall,val_accuracy,val_tp,val_fp,val_tn,val_fn,val_n,val_n_pos,elapsed_sec
1,0.6983794640092289,0.5638888888888889,0.41407177703617326,0.0,0.0,0.0,0.6428571428571429,0,0,18,10,28,10,7.624404191970825
2,0.6844058352358201,0.4583333333333333,0.3597854691075515,0.5714285714285714,0.4,1.0,0.4642857142857143,10,15,3,0,28,10,7.2793943881988525
3,0.7128220200538635,0.5166666666666666,0.41301898537192655,0.0,0.0,0.0,0.6428571428571429,0,0,18,10,28,10,7.268439054489136
4,0.6823259977733388,0.5055555555555555,0.40188112421522026,0.4666666666666667,0.35,0.7,0.42857142857142855,7,13,5,3,28,10,7.259617328643799
