epoch,train_loss,val_auroc,val_ap,val_f1,val_precision,val_recall,val_accuracy,val_tp,val_fp,val_tn,val_fn,val_n,val_n_pos,elapsed_sec
1,0.6500533949985778,0.6075,0.5009581646423752,0.0,0.0,0.0,0.6666666666666666,0,0,20,10,30,10,117.92685961723328
2,0.6511722292563469,0.6725,0.5562745098039216,0.0,0.0,0.0,0.6666666666666666,0,0,20,10,30,10,117.24101758003235
3,0.6595011088702318,0.6275000000000001,0.5047908818699893,0.0,0.0,0.0,0.6666666666666666,0,0,20,10,30,10,117.26270008087158
4,0.6392058221449097,0.615,0.4530875851666926,0.0,0.0,0.0,0.6666666666666666,0,0,20,10,30,10,117.26019382476807
5,0.6158701925397777,0.6100000000000001,0.5025748975826375,0.0,0.0,0.0,0.6666666666666666,0,0,20,10,30,10,117.40214204788208
