epoch,train_loss,val_auroc,val_ap,val_f1,val_precision,val_recall,val_accuracy,val_tp,val_fp,val_tn,val_fn,val_n,val_n_pos,elapsed_sec
1,0.6407410433824113,0.525,0.37572055524454906,0.0,0.0,0.0,0.6666666666666666,0,0,20,10,30,10,120.072021484375
2,0.6311615010549267,0.645,0.4541304347826087,0.0,0.0,0.0,0.6666666666666666,0,0,20,10,30,10,119.71859169006348
3,0.5726714084903113,0.615,0.4664863638776683,0.0,0.0,0.0,0.6666666666666666,0,0,20,10,30,10,119.57257056236267
4,0.45457635358940784,0.5750000000000001,0.38670875420875417,0.0,0.0,0.0,0.6666666666666666,0,0,20,10,30,10,119.38774061203003
5,0.3467256070362578,0.4275,0.3390885996395741,0.16666666666666666,0.5,0.1,0.6666666666666666,1,1,19,9,30,10,119.69485402107239
