epoch,train_loss,val_auroc,val_ap,val_f1,val_precision,val_recall,val_accuracy,val_tp,val_fp,val_tn,val_fn,val_n,val_n_pos,elapsed_sec
1,0.6467749690837997,0.42999999999999994,0.327842708016621,0.0,0.0,0.0,0.6666666666666666,0,0,20,10,30,10,117.36661648750305
2,0.6378328632161343,0.39999999999999997,0.3044238385009176,0.0,0.0,0.0,0.6666666666666666,0,0,20,10,30,10,115.574392080307
3,0.5380655646109752,0.6125,0.56964357733414,0.0,0.0,0.0,0.6666666666666666,0,0,20,10,30,10,115.39711380004883
4,0.5032767820031309,0.6275,0.6294736361977741,0.0,0.0,0.0,0.6666666666666666,0,0,20,10,30,10,115.63942551612854
5,0.3203562246568555,0.43499999999999994,0.390264096943125,0.18181818181818182,1.0,0.1,0.7,1,0,20,9,30,10,115.41765213012695
6,0.16318713489705497,0.3125,0.26916277450247306,0.0,0.0,0.0,0.6666666666666666,0,0,20,10,30,10,115.54228711128235
7,0.10312938418158953,0.34750000000000003,0.2816555809586663,0.0,0.0,0.0,0.6666666666666666,0,0,20,10,30,10,115.6263689994812
