epoch,train_loss,val_auroc,val_ap,val_f1,val_precision,val_recall,val_accuracy,val_tp,val_fp,val_tn,val_fn,val_n,val_n_pos,elapsed_sec
1,0.6610485053748536,0.565,0.37950980392156863,0.0,0.0,0.0,0.6666666666666666,0,0,20,10,30,10,119.92874026298523
2,0.6207354424668731,0.44999999999999996,0.34478736949325184,0.0,0.0,0.0,0.6666666666666666,0,0,20,10,30,10,119.37096881866455
3,0.5898472642619833,0.46499999999999997,0.35963286713286713,0.0,0.0,0.0,0.6666666666666666,0,0,20,10,30,10,119.3638072013855
4,0.47372238855246157,0.39,0.30253246753246754,0.0,0.0,0.0,0.6666666666666666,0,0,20,10,30,10,119.49996948242188
