epoch,train_loss,val_auroc,val_ap,val_f1,val_precision,val_recall,val_accuracy,val_tp,val_fp,val_tn,val_fn,val_n,val_n_pos,elapsed_sec
1,0.7147093517439705,0.35,0.2829933954933955,0.46153846153846156,0.3103448275862069,0.9,0.3,9,20,0,1,30,10,30.072765111923218
2,0.6890499140535082,0.4675,0.3346771284271284,0.0,0.0,0.0,0.6666666666666666,0,0,20,10,30,10,29.85608172416687
3,0.6824684688023158,0.32500000000000007,0.2797863247863248,0.5,0.3333333333333333,1.0,0.3333333333333333,10,20,0,0,30,10,29.890490531921387
4,0.6893561397280011,0.385,0.3216880722763075,0.2608695652173913,0.23076923076923078,0.3,0.43333333333333335,3,10,10,7,30,10,29.75465965270996
5,0.6060176159654345,0.43000000000000005,0.3857577285838155,0.3,0.3,0.3,0.5333333333333333,3,7,13,7,30,10,29.89098334312439
