epoch,train_loss,val_auroc,val_ap,val_f1,val_precision,val_recall,val_accuracy,val_tp,val_fp,val_tn,val_fn,val_n,val_n_pos,elapsed_sec
1,0.7036580012904273,0.41500000000000004,0.35548701298701296,0.5128205128205128,0.3448275862068966,1.0,0.36666666666666664,10,19,1,0,30,10,7.581592321395874
2,0.6909908917215135,0.525,0.46216073781291167,0.0,0.0,0.0,0.6666666666666666,0,0,20,10,30,10,7.189082384109497
3,0.6938743889331818,0.61,0.4760552897395003,0.0,0.0,0.0,0.6666666666666666,0,0,20,10,30,10,7.225364685058594
4,0.6687823931376139,0.555,0.3781863804202866,0.6206896551724138,0.47368421052631576,0.9,0.6333333333333333,9,10,10,1,30,10,7.195364236831665
5,0.6660546561082205,0.585,0.45867657649871807,0.56,0.4666666666666667,0.7,0.6333333333333333,7,8,12,3,30,10,7.186814308166504
6,0.5955070224073198,0.53,0.36944868770720163,0.3333333333333333,0.2857142857142857,0.4,0.4666666666666667,4,10,10,6,30,10,7.191309690475464
