epoch,train_loss,val_auroc,val_ap,val_f1,val_precision,val_recall,val_accuracy,val_tp,val_fp,val_tn,val_fn,val_n,val_n_pos,elapsed_sec
1,0.7226601348203772,0.8333333333333334,0.6264285714285713,0.0,0.0,0.0,0.6428571428571429,0,0,18,10,28,10,4.023700952529907
2,0.701400034567889,0.4194444444444444,0.3562640409699233,0.0,0.0,0.0,0.6071428571428571,0,1,17,10,28,10,3.702025890350342
3,0.6821662573253408,0.638888888888889,0.5399063899063898,0.64,0.5333333333333333,0.8,0.6785714285714286,8,7,11,2,28,10,3.69596791267395
4,0.6356187497868258,0.6833333333333333,0.6342948717948718,0.3076923076923077,0.6666666666666666,0.2,0.6785714285714286,2,1,17,8,28,10,3.7299869060516357
