epoch,train_loss,val_auroc,val_ap,val_f1,val_precision,val_recall,val_accuracy,val_tp,val_fp,val_tn,val_fn,val_n,val_n_pos,elapsed_sec
1,0.7215216861051672,0.45555555555555555,0.39612183213206226,0.16666666666666666,0.5,0.1,0.6428571428571429,1,1,17,9,28,10,4.085906744003296
2,0.6927637878586265,0.6444444444444444,0.537063492063492,0.5625,0.4090909090909091,0.9,0.5,9,13,5,1,28,10,3.679424285888672
3,0.6732626487227047,0.37777777777777777,0.3502064602064602,0.3333333333333333,0.375,0.3,0.5714285714285714,3,5,13,7,28,10,3.6496920585632324
4,0.6162615874234367,0.3694444444444444,0.35898351648351645,0.3870967741935484,0.2857142857142857,0.6,0.32142857142857145,6,15,3,4,28,10,3.6750693321228027
5,0.5019859741715824,0.3333333333333333,0.3291693121693121,0.25,0.3333333333333333,0.2,0.5714285714285714,2,4,14,8,28,10,3.6995725631713867
