epoch,train_loss,val_auroc,val_ap,val_f1,val_precision,val_recall,val_accuracy,val_tp,val_fp,val_tn,val_fn,val_n,val_n_pos,elapsed_sec
1,0.7046884298324585,0.4325,0.39002664002664,0.5,0.3333333333333333,1.0,0.3333333333333333,10,20,0,0,30,10,7.590132236480713
2,0.697325219710668,0.6500000000000001,0.5533333333333333,0.0,0.0,0.0,0.6666666666666666,0,0,20,10,30,10,7.281610727310181
3,0.6972243554062314,0.6799999999999999,0.5772178013557324,0.18181818181818182,1.0,0.1,0.7,1,0,20,9,30,10,7.298961877822876
4,0.62740758061409,0.68,0.49631113984055153,0.2857142857142857,0.5,0.2,0.6666666666666666,2,2,18,8,30,10,7.276812314987183
5,0.5759313901265463,0.605,0.43428282697338955,0.5185185185185185,0.4117647058823529,0.7,0.5666666666666667,7,10,10,3,30,10,7.2054877281188965
6,0.40642011331187355,0.7150000000000001,0.5274589490968801,0.7,0.7,0.7,0.8,7,3,17,3,30,10,7.217402458190918
7,0.2511504536701573,0.6174999999999999,0.43685969455025714,0.0,0.0,0.0,0.5666666666666667,0,3,17,10,30,10,7.19744873046875
8,0.1701001034428676,0.6275,0.4463150630198685,0.0,0.0,0.0,0.5666666666666667,0,3,17,10,30,10,7.197403430938721
9,0.09431070886138412,0.6475,0.45568420780696994,0.0,0.0,0.0,0.5666666666666667,0,3,17,10,30,10,7.1991846561431885
