epoch,train_loss,val_auroc,val_ap,val_f1,val_precision,val_recall,val_accuracy,val_tp,val_fp,val_tn,val_fn,val_n,val_n_pos,elapsed_sec
1,0.7185824579662747,0.66,0.5998901098901098,0.6153846153846154,0.5,0.8,0.6666666666666666,8,8,12,2,30,10,3.9678566455841064
2,0.6642859776814779,0.7474999999999999,0.6685347985347986,0.5,0.6666666666666666,0.4,0.7333333333333333,4,2,18,6,30,10,3.6722583770751953
3,0.6142226109902064,0.6849999999999999,0.6398095238095237,0.5,0.36363636363636365,0.8,0.4666666666666667,8,14,6,2,30,10,3.764490842819214
4,0.6093902273310555,0.66,0.5985700602079913,0.0,0.0,0.0,0.6666666666666666,0,0,20,10,30,10,3.732279062271118
5,0.47508614096376633,0.71,0.642969696969697,0.2857142857142857,0.5,0.2,0.6666666666666666,2,2,18,8,30,10,3.7348105907440186
