epoch,train_loss,val_auroc,val_ap,val_f1,val_precision,val_recall,val_accuracy,val_tp,val_fp,val_tn,val_fn,val_n,val_n_pos,elapsed_sec
1,0.6655309301885691,0.4722222222222222,0.47483115468409587,0.0,0.0,0.0,0.6428571428571429,0,0,18,10,28,10,110.86818504333496
2,0.6378154393398401,0.7000000000000001,0.6330020703933746,0.0,0.0,0.0,0.6428571428571429,0,0,18,10,28,10,110.29231905937195
3,0.6522105564222191,0.7055555555555555,0.6449572649572649,0.0,0.0,0.0,0.6428571428571429,0,0,18,10,28,10,110.70271396636963
4,0.631557428814245,0.7611111111111112,0.7180618401206635,0.0,0.0,0.0,0.6428571428571429,0,0,18,10,28,10,110.40724110603333
5,0.630506906658411,0.7111111111111111,0.6745689982532087,0.0,0.0,0.0,0.6428571428571429,0,0,18,10,28,10,110.45404863357544
6,0.636601764821645,0.75,0.6966071428571429,0.0,0.0,0.0,0.6428571428571429,0,0,18,10,28,10,110.43277907371521
7,0.6097510647818898,0.7333333333333334,0.667860337117303,0.0,0.0,0.0,0.6428571428571429,0,0,18,10,28,10,110.56024479866028
