epoch,train_loss,val_auroc,val_ap,val_f1,val_precision,val_recall,val_accuracy,val_tp,val_fp,val_tn,val_fn,val_n,val_n_pos,elapsed_sec
1,0.7023544443978204,0.6277777777777778,0.6683516483516484,0.48484848484848486,0.34782608695652173,0.8,0.39285714285714285,8,15,3,2,28,10,2.716323137283325
2,0.6932676898108588,0.6888888888888889,0.6610234699940581,0.3333333333333333,1.0,0.2,0.7142857142857143,2,0,18,8,28,10,2.3739399909973145
3,0.686767684088813,0.6055555555555555,0.4898716060864398,0.4,0.3333333333333333,0.5,0.4642857142857143,5,10,8,5,28,10,2.3614602088928223
4,0.6545956267250909,0.638888888888889,0.5377914242620125,0.15384615384615385,0.3333333333333333,0.1,0.6071428571428571,1,2,16,9,28,10,2.361708641052246
5,0.6107611722416348,0.5833333333333334,0.43478021978021975,0.13333333333333333,0.2,0.1,0.5357142857142857,1,4,14,9,28,10,2.3746020793914795
