epoch,train_loss,val_auroc,val_ap,val_f1,val_precision,val_recall,val_accuracy,val_tp,val_fp,val_tn,val_fn,val_n,val_n_pos,elapsed_sec
1,0.6977048130596385,0.34444444444444444,0.4234978354978355,0.375,0.2727272727272727,0.6,0.2857142857142857,6,16,2,4,28,10,4.100515842437744
2,0.6656508919070748,0.7166666666666667,0.7334529505582137,0.0,0.0,0.0,0.6428571428571429,0,0,18,10,28,10,3.7133984565734863
3,0.7350379263653475,0.47222222222222227,0.5216517138256268,0.0,0.0,0.0,0.6428571428571429,0,0,18,10,28,10,3.7579565048217773
4,0.6778567713849685,0.35555555555555557,0.3085181485181485,0.0,0.0,0.0,0.5357142857142857,0,3,15,10,28,10,3.715163230895996
5,0.6605743660646326,0.4555555555555556,0.3884814814814815,0.42857142857142855,0.3333333333333333,0.6,0.42857142857142855,6,12,6,4,28,10,3.765381336212158
