epoch,train_loss,val_auroc,val_ap,val_f1,val_precision,val_recall,val_accuracy,val_tp,val_fp,val_tn,val_fn,val_n,val_n_pos,elapsed_sec
1,0.6904331180784438,0.385,0.33278198993988467,0.125,0.16666666666666666,0.1,0.5333333333333333,1,5,15,9,30,10,4.341634273529053
2,0.6984217233128018,0.32,0.3106318050125264,0.36363636363636365,0.2608695652173913,0.6,0.3,6,17,3,4,30,10,4.350024223327637
3,0.6837786568535699,0.32,0.299991785991786,0.0,0.0,0.0,0.6333333333333333,0,1,19,10,30,10,3.9591922760009766
4,0.6600007282363044,0.31500000000000006,0.2844711310759904,0.1111111111111111,0.125,0.1,0.4666666666666667,1,7,13,9,30,10,4.185852527618408
