epoch,train_loss,val_auroc,val_ap,val_f1,val_precision,val_recall,val_accuracy,val_tp,val_fp,val_tn,val_fn,val_n,val_n_pos,elapsed_sec
1,0.6963844994703928,0.625,0.5289285714285714,0.0,0.0,0.0,0.6666666666666666,0,0,20,10,30,10,7.581437349319458
2,0.6918944716453552,0.7075,0.6101190476190477,0.0,0.0,0.0,0.6666666666666666,0,0,20,10,30,10,7.26727294921875
3,0.6725297669569651,0.745,0.7298889210856756,0.0,0.0,0.0,0.6666666666666666,0,0,20,10,30,10,7.1902525424957275
4,0.6927090254094865,0.74,0.5510061861735289,0.0,0.0,0.0,0.6666666666666666,0,0,20,10,30,10,7.206470727920532
5,0.6525103118684557,0.695,0.5050796127469556,0.6206896551724138,0.47368421052631576,0.9,0.6333333333333333,9,10,10,1,30,10,7.207509994506836
6,0.6332124372323354,0.6900000000000001,0.48509173297966396,0.5,0.5,0.5,0.6666666666666666,5,5,15,5,30,10,7.20975923538208
