epoch,train_loss,val_auroc,val_ap,val_f1,val_precision,val_recall,val_accuracy,val_tp,val_fp,val_tn,val_fn,val_n,val_n_pos,elapsed_sec
1,0.6934863660070631,0.7050000000000001,0.5576897718151589,0.0,0.0,0.0,0.6333333333333333,0,1,19,10,30,10,4.030080318450928
2,0.6785713136196136,0.635,0.5926282051282051,0.5,0.36363636363636365,0.8,0.4666666666666667,8,14,6,2,30,10,3.655935049057007
3,0.5669697407219145,0.835,0.8522100313479622,0.6666666666666666,1.0,0.5,0.8333333333333334,5,0,20,5,30,10,3.7091825008392334
4,0.40540659924348194,0.89,0.7415079365079366,0.16666666666666666,0.5,0.1,0.6666666666666666,1,1,19,9,30,10,3.6874032020568848
5,0.29576706969075733,0.8,0.7389957456336766,0.7777777777777778,0.875,0.7,0.8666666666666667,7,1,19,3,30,10,3.7153513431549072
6,0.21163502832253775,0.7700000000000001,0.7765367965367964,0.7368421052631579,0.7777777777777778,0.7,0.8333333333333334,7,2,18,3,30,10,3.7868547439575195
7,0.11509587098326948,0.8700000000000001,0.8865079365079365,0.6666666666666666,1.0,0.5,0.8333333333333334,5,0,20,5,30,10,3.731614351272583
