epoch,train_loss,val_auroc,val_ap,val_f1,val_precision,val_recall,val_accuracy,val_tp,val_fp,val_tn,val_fn,val_n,val_n_pos,elapsed_sec
1,0.6599033279813451,0.41000000000000003,0.3014102564102564,0.0,0.0,0.0,0.6666666666666666,0,0,20,10,30,10,117.75113415718079
2,0.6505241144260914,0.5075000000000001,0.3561879441009876,0.0,0.0,0.0,0.6666666666666666,0,0,20,10,30,10,117.01737594604492
3,0.5480834089165969,0.31500000000000006,0.2749569702328323,0.0,0.0,0.0,0.6666666666666666,0,0,20,10,30,10,116.97409439086914
4,0.4510164330545947,0.36,0.29334687052078356,0.0,0.0,0.0,0.6666666666666666,0,0,20,10,30,10,116.79165625572205
5,0.36280131122271575,0.345,0.2832367632367632,0.0,0.0,0.0,0.6333333333333333,0,1,19,10,30,10,116.88278722763062
