epoch,train_loss,val_auroc,val_ap,val_f1,val_precision,val_recall,val_accuracy,val_tp,val_fp,val_tn,val_fn,val_n,val_n_pos,elapsed_sec
1,0.7087563240166866,0.5166666666666667,0.3816983561101208,0.0,0.0,0.0,0.6428571428571429,0,0,18,10,28,10,27.20443606376648
2,0.695999079581463,0.6361111111111111,0.5143572168572168,0.3076923076923077,0.6666666666666666,0.2,0.6785714285714286,2,1,17,8,28,10,27.07032346725464
3,0.6535715370467214,0.44999999999999996,0.35542957042957046,0.0,0.0,0.0,0.6428571428571429,0,0,18,10,28,10,26.919360160827637
4,0.5552819854382313,0.6,0.44051648729667303,0.0,0.0,0.0,0.6428571428571429,0,0,18,10,28,10,27.115859270095825
5,0.3633072372864593,0.7333333333333334,0.6581359816653933,0.6666666666666666,0.5294117647058824,0.9,0.6785714285714286,9,8,10,1,28,10,26.981162548065186
6,0.22763592100730448,0.775,0.7647360482654599,0.0,0.0,0.0,0.6428571428571429,0,0,18,10,28,10,26.96556568145752
7,0.16575868467264104,0.7555555555555555,0.6691712892370787,0.4,0.6,0.3,0.6785714285714286,3,2,16,7,28,10,26.994513988494873
8,0.1049262187867002,0.7444444444444445,0.6492575020438798,0.42857142857142855,0.75,0.3,0.7142857142857143,3,1,17,7,28,10,26.921597003936768
9,0.07480536374461019,0.7722222222222223,0.6764060887512899,0.42857142857142855,0.75,0.3,0.7142857142857143,3,1,17,7,28,10,27.079631090164185
