epoch,train_loss,val_auroc,val_ap,val_f1,val_precision,val_recall,val_accuracy,val_tp,val_fp,val_tn,val_fn,val_n,val_n_pos,elapsed_sec
1,0.7558139664786202,0.44499999999999995,0.3223120017237664,0.45161290322580644,0.3333333333333333,0.7,0.43333333333333335,7,14,6,3,30,10,28.35942769050598
2,0.6917503876345498,0.65,0.5322298499872871,0.5142857142857142,0.36,0.9,0.43333333333333335,9,16,4,1,30,10,28.236101627349854
3,0.6534473214830671,0.695,0.5244847412649271,0.5882352941176471,0.7142857142857143,0.5,0.7666666666666667,5,2,18,5,30,10,28.190152883529663
4,0.5761842676571437,0.64,0.4251691914223884,0.0,0.0,0.0,0.6666666666666666,0,0,20,10,30,10,28.046921253204346
5,0.48464358193533763,0.5449999999999999,0.41821280590043264,0.14285714285714285,0.25,0.1,0.6,1,3,17,9,30,10,28.129650592803955
6,0.5694600305386952,0.56,0.37429355668486103,0.0,0.0,0.0,0.6666666666666666,0,0,20,10,30,10,28.00163722038269
