epoch,train_loss,val_auroc,val_ap,val_f1,val_precision,val_recall,val_accuracy,val_tp,val_fp,val_tn,val_fn,val_n,val_n_pos,elapsed_sec
1,0.6921599937809838,0.47,0.4438307370378981,0.47058823529411764,0.3333333333333333,0.8,0.4,8,16,4,2,30,10,5.106713533401489
2,0.6525150520933999,0.4675,0.4688223706118443,0.2857142857142857,0.5,0.2,0.6666666666666666,2,2,18,8,30,10,4.705406427383423
3,0.5908901111947166,0.33,0.35596480331262936,0.3225806451612903,0.23809523809523808,0.5,0.3,5,16,4,5,30,10,4.690067768096924
4,0.5042958905299505,0.44999999999999996,0.4064393939393939,0.2727272727272727,0.25,0.3,0.4666666666666667,3,9,11,7,30,10,4.615363836288452
