epoch,train_loss,val_auroc,val_ap,val_f1,val_precision,val_recall,val_accuracy,val_tp,val_fp,val_tn,val_fn,val_n,val_n_pos,elapsed_sec
1,0.6933134728007846,0.765,0.6546428571428571,0.5,0.3333333333333333,1.0,0.3333333333333333,10,20,0,0,30,10,3.680352210998535
2,0.6911671294106377,0.6349999999999999,0.5749761904761904,0.5,0.3333333333333333,1.0,0.3333333333333333,10,20,0,0,30,10,3.3478167057037354
3,0.6723081204626296,0.515,0.4546273594614555,0.3076923076923077,0.6666666666666666,0.2,0.7,2,1,19,8,30,10,3.3272383213043213
4,0.6585460636350844,0.525,0.4354135338345865,0.2727272727272727,0.25,0.3,0.4666666666666667,3,9,11,7,30,10,3.3577895164489746
