epoch,train_loss,val_auroc,val_ap,val_f1,val_precision,val_recall,val_accuracy,val_tp,val_fp,val_tn,val_fn,val_n,val_n_pos,elapsed_sec
1,0.6949502693282233,0.625,0.4120021645021645,0.5263157894736842,0.35714285714285715,1.0,0.4,10,18,2,0,30,10,2.5196900367736816
2,0.6830480164951749,0.7300000000000001,0.5317948717948717,0.5142857142857142,0.36,0.9,0.43333333333333335,9,16,4,1,30,10,2.1864638328552246
3,0.6671069595548842,0.7100000000000001,0.5067989417989418,0.15384615384615385,0.3333333333333333,0.1,0.6333333333333333,1,2,18,9,30,10,2.1715316772460938
4,0.6498388714260526,0.745,0.539242747992748,0.0,0.0,0.0,0.6,0,2,18,10,30,10,2.187035322189331
5,0.6009798116154141,0.73,0.5271427156721274,0.15384615384615385,0.3333333333333333,0.1,0.6333333333333333,1,2,18,9,30,10,2.178806781768799
6,0.5609302553865645,0.6975000000000001,0.4931914381914382,0.15384615384615385,0.3333333333333333,0.1,0.6333333333333333,1,2,18,9,30,10,2.1728811264038086
7,0.4960491557916005,0.7100000000000001,0.49799274799274795,0.375,0.5,0.3,0.6666666666666666,3,3,17,7,30,10,2.181063652038574
