epoch,train_loss,val_auroc,val_ap,val_f1,val_precision,val_recall,val_accuracy,val_tp,val_fp,val_tn,val_fn,val_n,val_n_pos,elapsed_sec
1,0.7465907004144456,0.47,0.3401113522492833,0.4375,0.3181818181818182,0.7,0.4,7,15,5,3,30,10,4.015172958374023
2,0.6457464363839891,0.39499999999999996,0.2975703463203463,0.0,0.0,0.0,0.5,0,5,15,10,30,10,3.636009931564331
3,0.5150472687350379,0.42000000000000004,0.3100338741718052,0.2727272727272727,0.25,0.3,0.4666666666666667,3,9,11,7,30,10,3.6583518981933594
4,0.354685150914722,0.43000000000000005,0.31128292514625666,0.2,0.2,0.2,0.4666666666666667,2,8,12,8,30,10,3.6549079418182373
