epoch,train_loss,val_auroc,val_ap,val_f1,val_precision,val_recall,val_accuracy,val_tp,val_fp,val_tn,val_fn,val_n,val_n_pos,elapsed_sec
1,0.691018455558353,0.42,0.3036350958409782,0.0,0.0,0.0,0.6666666666666666,0,0,20,10,30,10,3.703808307647705
2,0.691313644250234,0.44,0.30972562213291116,0.0,0.0,0.0,0.6666666666666666,0,0,20,10,30,10,3.3041276931762695
3,0.6804773939980401,0.39499999999999996,0.30117476916676,0.0,0.0,0.0,0.6,0,2,18,10,30,10,3.3472225666046143
4,0.6610590219497681,0.42000000000000004,0.30885701244060376,0.32,0.26666666666666666,0.4,0.43333333333333335,4,11,9,6,30,10,3.3551502227783203
5,0.6223218904601203,0.41,0.3109101639101639,0.0,0.0,0.0,0.5333333333333333,0,4,16,10,30,10,3.3377487659454346
