epoch,train_loss,val_auroc,val_ap,val_f1,val_precision,val_recall,val_accuracy,val_tp,val_fp,val_tn,val_fn,val_n,val_n_pos,elapsed_sec
1,0.6932922204335531,0.34750000000000003,0.2859739866908651,0.0,0.0,0.0,0.6666666666666666,0,0,20,10,30,10,9.318666458129883
2,0.7058198054631551,0.33499999999999996,0.30114052614052617,0.0,0.0,0.0,0.6666666666666666,0,0,20,10,30,10,8.932755947113037
3,0.7023124628596835,0.49,0.40234343434343434,0.0,0.0,0.0,0.6666666666666666,0,0,20,10,30,10,8.879902362823486
4,0.6924730208184984,0.49,0.3848182957393484,0.0,0.0,0.0,0.6666666666666666,0,0,20,10,30,10,8.862855672836304
5,0.6599266529083252,0.38999999999999996,0.31597221912637735,0.0,0.0,0.0,0.6,0,2,18,10,30,10,8.85798954963684
6,0.5522912790377935,0.43500000000000005,0.35232600732600733,0.4,0.3,0.6,0.4,6,14,6,4,30,10,8.828899383544922
