epoch,train_loss,val_auroc,val_ap,val_f1,val_precision,val_recall,val_accuracy,val_tp,val_fp,val_tn,val_fn,val_n,val_n_pos,elapsed_sec
1,0.7007247419918284,0.4888888888888889,0.3948595848595849,0.5263157894736842,0.35714285714285715,1.0,0.35714285714285715,10,18,0,0,28,10,4.0463032722473145
2,0.6924366249757654,0.4166666666666667,0.44100036037806933,0.35294117647058826,0.42857142857142855,0.3,0.6071428571428571,3,4,14,7,28,10,3.7246994972229004
3,0.6702326711486367,0.4027777777777778,0.3492208284279895,0.5263157894736842,0.35714285714285715,1.0,0.35714285714285715,10,18,0,0,28,10,3.6930909156799316
4,0.6358041079605327,0.4388888888888889,0.35418747918747917,0.0,0.0,0.0,0.4642857142857143,0,5,13,10,28,10,3.7073700428009033
