epoch,train_loss,val_auroc,val_ap,val_f1,val_precision,val_recall,val_accuracy,val_tp,val_fp,val_tn,val_fn,val_n,val_n_pos,elapsed_sec
1,0.9749625749660261,0.6055555555555555,0.5667639124160863,0.5263157894736842,0.35714285714285715,1.0,0.35714285714285715,10,18,0,0,28,10,27.225208044052124
2,0.7236521822033506,0.4361111111111111,0.3370933053015096,0.5263157894736842,0.35714285714285715,1.0,0.35714285714285715,10,18,0,0,28,10,27.036606073379517
3,0.7309621400905378,0.3055555555555556,0.4337691720044661,0.0,0.0,0.0,0.6428571428571429,0,0,18,10,28,10,26.881908893585205
4,0.6892890975330815,0.4388888888888889,0.3858190045248869,0.3157894736842105,0.3333333333333333,0.3,0.5357142857142857,3,6,12,7,28,10,26.95647692680359
