epoch,train_loss,val_auroc,val_ap,val_f1,val_precision,val_recall,val_accuracy,val_tp,val_fp,val_tn,val_fn,val_n,val_n_pos,elapsed_sec
1,0.7103303460513845,0.49999999999999994,0.5135342366611717,0.0,0.0,0.0,0.6428571428571429,0,0,18,10,28,10,7.617686986923218
2,0.7033862506642061,0.5277777777777778,0.4512490842490842,0.0,0.0,0.0,0.6428571428571429,0,0,18,10,28,10,7.258157253265381
3,0.6979933416142183,0.5333333333333333,0.4988095238095238,0.16666666666666666,0.5,0.1,0.6428571428571429,1,1,17,9,28,10,7.236877918243408
4,0.6943925513940699,0.6472222222222223,0.5322284245968456,0.0,0.0,0.0,0.6428571428571429,0,0,18,10,28,10,7.298467397689819
5,0.696518764776342,0.5722222222222223,0.453947222368275,0.0,0.0,0.0,0.6428571428571429,0,0,18,10,28,10,7.253921985626221
6,0.6797713602290434,0.5833333333333334,0.48633224475329734,0.0,0.0,0.0,0.6428571428571429,0,0,18,10,28,10,7.253663539886475
7,0.6463717152090633,0.5138888888888888,0.38755411255411254,0.3,0.3,0.3,0.5,3,7,11,7,28,10,7.235252380371094
