epoch,train_loss,val_auroc,val_ap,val_f1,val_precision,val_recall,val_accuracy,val_tp,val_fp,val_tn,val_fn,val_n,val_n_pos,elapsed_sec
1,0.6914586623509725,0.4111111111111111,0.38567196443794904,0.0,0.0,0.0,0.6428571428571429,0,0,18,10,28,10,2.7306811809539795
2,0.6942742996745639,0.3666666666666667,0.31165895508000774,0.5263157894736842,0.35714285714285715,1.0,0.35714285714285715,10,18,0,0,28,10,2.3861751556396484
3,0.6911373668246799,0.49444444444444446,0.404791613615143,0.23529411764705882,0.2857142857142857,0.2,0.5357142857142857,2,5,13,8,28,10,2.403367519378662
4,0.6576041513019137,0.4888888888888889,0.38367149758454105,0.43478260869565216,0.38461538461538464,0.5,0.5357142857142857,5,8,10,5,28,10,2.396357536315918
5,0.6258532073762682,0.48333333333333334,0.36975078866383215,0.45161290322580644,0.3333333333333333,0.7,0.39285714285714285,7,14,4,3,28,10,2.385911226272583
6,0.5759183963139852,0.4388888888888889,0.34413638648932765,0.4666666666666667,0.35,0.7,0.42857142857142855,7,13,5,3,28,10,2.3750874996185303
