epoch,train_loss,val_auroc,val_ap,val_f1,val_precision,val_recall,val_accuracy,val_tp,val_fp,val_tn,val_fn,val_n,val_n_pos,elapsed_sec
1,0.7061377631293403,0.35250000000000004,0.2903303023812769,0.0,0.0,0.0,0.6666666666666666,0,0,20,10,30,10,4.9886908531188965
2,0.6941379871633317,0.33999999999999997,0.2871808143547274,0.46153846153846156,0.3103448275862069,0.9,0.3,9,20,0,1,30,10,4.63313364982605
3,0.6653501358297136,0.335,0.30674837226401225,0.37037037037037035,0.29411764705882354,0.5,0.43333333333333335,5,12,8,5,30,10,4.630637884140015
4,0.5842027051581277,0.375,0.33327640941434045,0.2608695652173913,0.23076923076923078,0.3,0.43333333333333335,3,10,10,7,30,10,4.61030912399292
5,0.44874245756202275,0.505,0.3717602665154152,0.15384615384615385,0.3333333333333333,0.1,0.6333333333333333,1,2,18,9,30,10,4.623610258102417
6,0.32482227351930404,0.43500000000000005,0.3220468611847922,0.35714285714285715,0.2777777777777778,0.5,0.4,5,13,7,5,30,10,4.66235613822937
7,0.19411070313718584,0.41500000000000004,0.3233419257693305,0.4166666666666667,0.35714285714285715,0.5,0.5333333333333333,5,9,11,5,30,10,4.649831056594849
8,0.10623458317584461,0.41500000000000004,0.3159958589592457,0.2857142857142857,0.2727272727272727,0.3,0.5,3,8,12,7,30,10,4.6406919956207275
