epoch,train_loss,val_auroc,val_ap,val_f1,val_precision,val_recall,val_accuracy,val_tp,val_fp,val_tn,val_fn,val_n,val_n_pos,elapsed_sec
1,0.6835182752969454,0.4525,0.32205851619644726,0.0,0.0,0.0,0.6666666666666666,0,0,20,10,30,10,116.43339371681213
2,0.6321413099980183,0.7825000000000001,0.6875130616509927,0.0,0.0,0.0,0.6666666666666666,0,0,20,10,30,10,116.13582873344421
3,0.62688471752105,0.66,0.5528962703962704,0.0,0.0,0.0,0.6666666666666666,0,0,20,10,30,10,115.9286298751831
4,0.6464380544724224,0.65,0.5573666394457469,0.0,0.0,0.0,0.6666666666666666,0,0,20,10,30,10,115.89585733413696
5,0.6077876755659529,0.625,0.5058716475095786,0.0,0.0,0.0,0.6666666666666666,0,0,20,10,30,10,116.32642841339111
