epoch,train_loss,val_auroc,val_ap,val_f1,val_precision,val_recall,val_accuracy,val_tp,val_fp,val_tn,val_fn,val_n,val_n_pos,elapsed_sec
1,0.6798083111107778,0.5349999999999999,0.36358420088683246,0.0,0.0,0.0,0.6666666666666666,0,0,20,10,30,10,118.39543890953064
2,0.6607947462111068,0.485,0.36994206773618543,0.0,0.0,0.0,0.6666666666666666,0,0,20,10,30,10,117.95530438423157
3,0.6115625947713852,0.43749999999999994,0.3381294889034827,0.0,0.0,0.0,0.6666666666666666,0,0,20,10,30,10,117.66393733024597
4,0.537181015494916,0.45500000000000007,0.3501659451659452,0.0,0.0,0.0,0.6666666666666666,0,0,20,10,30,10,117.83545637130737
