epoch,train_loss,val_auroc,val_ap,val_f1,val_precision,val_recall,val_accuracy,val_tp,val_fp,val_tn,val_fn,val_n,val_n_pos,elapsed_sec
1,0.7405748171465737,0.4475,0.31287878787878787,0.0,0.0,0.0,0.6666666666666666,0,0,20,10,30,10,33.16774773597717
2,0.7242155986172812,0.5249999999999999,0.3866666666666667,0.0,0.0,0.0,0.6666666666666666,0,0,20,10,30,10,29.795328378677368
3,0.7018234235899788,0.48499999999999993,0.369007733007733,0.0,0.0,0.0,0.6666666666666666,0,0,20,10,30,10,29.6653790473938
4,0.723727171761649,0.5475000000000001,0.4077731092436975,0.0,0.0,0.0,0.6666666666666666,0,0,20,10,30,10,29.483717441558838
5,0.7333512323243278,0.425,0.34439153439153436,0.5,0.3333333333333333,1.0,0.3333333333333333,10,20,0,0,30,10,29.282098293304443
6,0.7221980350358146,0.645,0.5970257439822657,0.5,0.3333333333333333,1.0,0.3333333333333333,10,20,0,0,30,10,29.213271856307983
7,0.7264965397971017,0.4925,0.33856060606060606,0.0,0.0,0.0,0.6666666666666666,0,0,20,10,30,10,29.30423855781555
8,0.6858697669846671,0.5925,0.4592490842490842,0.0,0.0,0.0,0.6666666666666666,0,0,20,10,30,10,29.231416940689087
9,0.6827684768608638,0.4925,0.3333333333333333,0.5,0.3333333333333333,1.0,0.3333333333333333,10,20,0,0,30,10,29.253244876861572
