epoch,train_loss,val_auroc,val_ap,val_f1,val_precision,val_recall,val_accuracy,val_tp,val_fp,val_tn,val_fn,val_n,val_n_pos,elapsed_sec
1,0.6978514459398057,0.4575000000000001,0.3991304347826087,0.5,0.3333333333333333,1.0,0.3333333333333333,10,20,0,0,30,10,3.684166669845581
2,0.6897053519884745,0.525,0.39119869261173607,0.0,0.0,0.0,0.6666666666666666,0,0,20,10,30,10,3.3526382446289062
3,0.6805248591634963,0.5175000000000001,0.37645332737438003,0.35294117647058826,0.42857142857142855,0.3,0.6333333333333333,3,4,16,7,30,10,3.3445990085601807
4,0.652000817987654,0.515,0.4820355706385118,0.2727272727272727,0.25,0.3,0.4666666666666667,3,9,11,7,30,10,3.318047285079956
5,0.6015410290824043,0.5175,0.47820573870573874,0.2727272727272727,0.25,0.3,0.4666666666666667,3,9,11,7,30,10,3.3773086071014404
