epoch,train_loss,val_auroc,val_ap,val_f1,val_precision,val_recall,val_accuracy,val_tp,val_fp,val_tn,val_fn,val_n,val_n_pos,elapsed_sec
1,0.7563528997557504,0.515,0.3662321556439203,0.5454545454545454,0.5,0.6,0.6666666666666666,6,6,14,4,30,10,30.10192561149597
2,0.7172378710338048,0.545,0.4455204753966364,0.0,0.0,0.0,0.6666666666666666,0,0,20,10,30,10,30.009401082992554
3,0.6154731503554753,0.40499999999999997,0.37297722567287783,0.0,0.0,0.0,0.6666666666666666,0,0,20,10,30,10,29.956252574920654
4,0.666287316594805,0.595,0.40160401002506263,0.5555555555555556,0.38461538461538464,1.0,0.4666666666666667,10,16,4,0,30,10,29.817579746246338
5,0.6226892164775304,0.605,0.4422914122914123,0.48484848484848486,0.34782608695652173,0.8,0.43333333333333335,8,15,5,2,30,10,29.847869396209717
6,0.5165590814181736,0.31499999999999995,0.27692287784679087,0.0,0.0,0.0,0.6666666666666666,0,0,20,10,30,10,29.825464487075806
7,0.36081295226301463,0.415,0.3279738562091503,0.0,0.0,0.0,0.6666666666666666,0,0,20,10,30,10,29.95253086090088
8,0.2365025294678552,0.47000000000000003,0.37059764309764304,0.15384615384615385,0.3333333333333333,0.1,0.6333333333333333,1,2,18,9,30,10,29.94943070411682
