epoch,train_loss,val_auroc,val_ap,val_f1,val_precision,val_recall,val_accuracy,val_tp,val_fp,val_tn,val_fn,val_n,val_n_pos,elapsed_sec
1,0.6798650581728328,0.6444444444444445,0.6056102823904681,0.0,0.0,0.0,0.6428571428571429,0,0,18,10,28,10,112.22474718093872
2,0.6461699532740044,0.6805555555555556,0.5821212121212122,0.0,0.0,0.0,0.6428571428571429,0,0,18,10,28,10,111.68864727020264
3,0.6279000980835973,0.7527777777777779,0.6536126373626373,0.0,0.0,0.0,0.6428571428571429,0,0,18,10,28,10,111.36041212081909
4,0.6600674697847078,0.7111111111111111,0.60775222220235,0.0,0.0,0.0,0.6428571428571429,0,0,18,10,28,10,111.25101852416992
5,0.6345510767264799,0.6777777777777778,0.5956349206349206,0.0,0.0,0.0,0.6428571428571429,0,0,18,10,28,10,111.12397837638855
6,0.6397076246864868,0.7027777777777777,0.6041574112162348,0.0,0.0,0.0,0.6428571428571429,0,0,18,10,28,10,110.96564078330994
