epoch,train_loss,val_auroc,val_ap,val_f1,val_precision,val_recall,val_accuracy,val_tp,val_fp,val_tn,val_fn,val_n,val_n_pos,elapsed_sec
1,0.6980185773637559,0.4472222222222222,0.34549485538615976,0.0,0.0,0.0,0.6428571428571429,0,0,18,10,28,10,2.6564130783081055
2,0.6898186869091458,0.4388888888888889,0.3316464308488807,0.5405405405405406,0.37037037037037035,1.0,0.39285714285714285,10,17,1,0,28,10,2.3497138023376465
3,0.698307540681627,0.4277777777777778,0.3308008658008658,0.5263157894736842,0.35714285714285715,1.0,0.35714285714285715,10,18,0,0,28,10,2.353788137435913
4,0.6726197865274217,0.5055555555555555,0.3723057644110276,0.0,0.0,0.0,0.6071428571428571,0,1,17,10,28,10,2.354682683944702
5,0.6629360119501749,0.5055555555555555,0.36843130553656867,0.14285714285714285,0.25,0.1,0.5714285714285714,1,3,15,9,28,10,2.3650171756744385
6,0.6252306037478976,0.4777777777777778,0.3534955141476881,0.5454545454545454,0.391304347826087,0.9,0.4642857142857143,9,14,4,1,28,10,2.408550262451172
7,0.5773699349827237,0.4666666666666667,0.38057383792677907,0.38461538461538464,0.3125,0.5,0.42857142857142855,5,11,7,5,28,10,2.3416988849639893
