epoch,train_loss,val_auroc,val_ap,val_f1,val_precision,val_recall,val_accuracy,val_tp,val_fp,val_tn,val_fn,val_n,val_n_pos,elapsed_sec
1,0.7165865056654986,0.325,0.29655388471177946,0.5263157894736842,0.35714285714285715,1.0,0.35714285714285715,10,18,0,0,28,10,4.079094886779785
2,0.711305088856641,0.5611111111111111,0.42170274170274163,0.5263157894736842,0.35714285714285715,1.0,0.35714285714285715,10,18,0,0,28,10,3.723903179168701
3,0.6963734731954687,0.47777777777777775,0.42746326137630486,0.26666666666666666,0.4,0.2,0.6071428571428571,2,3,15,8,28,10,3.719665050506592
4,0.6981763138490564,0.38333333333333336,0.35363636363636364,0.0,0.0,0.0,0.6428571428571429,0,0,18,10,28,10,3.7344071865081787
5,0.6698216971229104,0.5777777777777777,0.419702380952381,0.0,0.0,0.0,0.6428571428571429,0,0,18,10,28,10,3.7010111808776855
6,0.6814481861451093,0.5111111111111111,0.48735042735042733,0.2857142857142857,0.5,0.2,0.6428571428571429,2,2,16,8,28,10,3.671705484390259
7,0.6392866811331581,0.5111111111111111,0.47182603247248556,0.0,0.0,0.0,0.6428571428571429,0,0,18,10,28,10,3.6884753704071045
8,0.6211000295246348,0.5222222222222223,0.47561129691564474,0.3076923076923077,0.6666666666666666,0.2,0.6785714285714286,2,1,17,8,28,10,3.697911262512207
