epoch,train_loss,val_auroc,val_ap,val_f1,val_precision,val_recall,val_accuracy,val_tp,val_fp,val_tn,val_fn,val_n,val_n_pos,elapsed_sec
1,0.9934983924031258,0.32222222222222224,0.35930946504475914,0.5263157894736842,0.35714285714285715,1.0,0.35714285714285715,10,18,0,0,28,10,27.227418184280396
2,0.696291117957144,0.43333333333333335,0.3732897365792103,0.0,0.0,0.0,0.6428571428571429,0,0,18,10,28,10,27.117518663406372
3,0.7085357200015675,0.5222222222222223,0.42525182972753306,0.2,0.2,0.2,0.42857142857142855,2,8,10,8,28,10,26.9443097114563
4,0.6785505671392787,0.49444444444444446,0.46342089827383937,0.0,0.0,0.0,0.6428571428571429,0,0,18,10,28,10,27.026658058166504
5,0.5461343359766584,0.5583333333333333,0.5268609908609909,0.0,0.0,0.0,0.6428571428571429,0,0,18,10,28,10,27.08497405052185
6,0.4675969490499208,0.3888888888888889,0.32463907469342257,0.42857142857142855,0.3333333333333333,0.6,0.42857142857142855,6,12,6,4,28,10,26.89974880218506
7,0.2755996772285664,0.49444444444444446,0.36381868131868134,0.2727272727272727,0.25,0.3,0.42857142857142855,3,9,9,7,28,10,27.000120639801025
8,0.14617307314818556,0.48333333333333334,0.3743899782135076,0.14285714285714285,0.25,0.1,0.5714285714285714,1,3,15,9,28,10,26.980268716812134
