epoch,train_loss,val_auroc,val_ap,val_f1,val_precision,val_recall,val_accuracy,val_tp,val_fp,val_tn,val_fn,val_n,val_n_pos,elapsed_sec
1,0.7005186782163733,0.6083333333333334,0.6047698412698412,0.0,0.0,0.0,0.6428571428571429,0,0,18,10,28,10,7.6059887409210205
2,0.712681836941663,0.5222222222222223,0.3822134628656368,0.0,0.0,0.0,0.6428571428571429,0,0,18,10,28,10,7.3233184814453125
3,0.7020844045807334,0.5416666666666666,0.39011475366738524,0.0,0.0,0.0,0.6428571428571429,0,0,18,10,28,10,7.305375814437866
4,0.6869684037040261,0.4472222222222222,0.41009952417275064,0.0,0.0,0.0,0.6428571428571429,0,0,18,10,28,10,7.294710159301758
