epoch,train_loss,val_auroc,val_ap,val_f1,val_precision,val_recall,val_accuracy,val_tp,val_fp,val_tn,val_fn,val_n,val_n_pos,elapsed_sec
1,0.6986736191643609,0.4,0.3575223665223665,0.0,0.0,0.0,0.6428571428571429,0,0,18,10,28,10,2.704376459121704
2,0.6926915248235067,0.4222222222222223,0.41213348055453314,0.18181818181818182,1.0,0.1,0.6785714285714286,1,0,18,9,28,10,2.3629531860351562
3,0.6736473242441813,0.4444444444444444,0.3837207977207977,0.375,0.2727272727272727,0.6,0.2857142857142857,6,16,2,4,28,10,2.3592803478240967
4,0.6680930389298333,0.38333333333333336,0.35455732673123974,0.4166666666666667,0.35714285714285715,0.5,0.5,5,9,9,5,28,10,2.340602397918701
5,0.6440776586532593,0.39444444444444443,0.3587255892255892,0.3157894736842105,0.3333333333333333,0.3,0.5357142857142857,3,6,12,7,28,10,2.3511173725128174
6,0.6027163333363004,0.4,0.34210343601647947,0.3,0.3,0.3,0.5,3,7,11,7,28,10,2.3652615547180176
