epoch,train_loss,val_auroc,val_ap,val_f1,val_precision,val_recall,val_accuracy,val_tp,val_fp,val_tn,val_fn,val_n,val_n_pos,elapsed_sec
1,0.6525246365503832,0.7,0.6543467716494032,0.0,0.0,0.0,0.6428571428571429,0,0,18,10,28,10,109.80925798416138
2,0.6346353992368235,0.6666666666666667,0.6224114774114774,0.0,0.0,0.0,0.6428571428571429,0,0,18,10,28,10,109.20808124542236
3,0.5951615818070642,0.6694444444444445,0.6428838808250573,0.0,0.0,0.0,0.6428571428571429,0,0,18,10,28,10,109.10470700263977
4,0.5019082534832485,0.6777777777777778,0.6578787878787878,0.3333333333333333,1.0,0.2,0.7142857142857143,2,0,18,8,28,10,109.1151909828186
