epoch,train_loss,val_auroc,val_ap,val_f1,val_precision,val_recall,val_accuracy,val_tp,val_fp,val_tn,val_fn,val_n,val_n_pos,elapsed_sec
1,0.7096902562512292,0.455,0.3342571870031824,0.4,0.3,0.6,0.4,6,14,6,4,30,10,9.190894603729248
2,0.6977835562494066,0.42000000000000004,0.30613442113442113,0.5,0.3333333333333333,1.0,0.3333333333333333,10,20,0,0,30,10,8.762513875961304
3,0.701637950208452,0.33999999999999997,0.28633771457300866,0.0,0.0,0.0,0.6666666666666666,0,0,20,10,30,10,8.761019229888916
4,0.6979613635275099,0.33999999999999997,0.2943165266106442,0.0,0.0,0.0,0.6333333333333333,0,1,19,10,30,10,8.792532444000244
