epoch,train_loss,val_auroc,val_ap,val_f1,val_precision,val_recall,val_accuracy,val_tp,val_fp,val_tn,val_fn,val_n,val_n_pos,elapsed_sec
1,0.6982162910349229,0.41111111111111115,0.3302797202797203,0.0,0.0,0.0,0.6428571428571429,0,0,18,10,28,10,7.6251819133758545
2,0.7021233369322384,0.42500000000000004,0.4110897435897436,0.0,0.0,0.0,0.6428571428571429,0,0,18,10,28,10,7.4086010456085205
3,0.6897399145014146,0.5555555555555556,0.4307685062329025,0.0,0.0,0.0,0.6428571428571429,0,0,18,10,28,10,7.310031414031982
4,0.6851816142306608,0.625,0.4727780552780553,0.0,0.0,0.0,0.6428571428571429,0,0,18,10,28,10,7.274354934692383
5,0.6922700194751515,0.5777777777777777,0.43019772625035785,0.0,0.0,0.0,0.6428571428571429,0,0,18,10,28,10,7.28678560256958
6,0.6607019235106075,0.6388888888888888,0.48348739495798315,0.45454545454545453,0.4166666666666667,0.5,0.5714285714285714,5,7,11,5,28,10,7.265943765640259
7,0.585194798076854,0.5611111111111111,0.4302164502164502,0.15384615384615385,0.3333333333333333,0.1,0.6071428571428571,1,2,16,9,28,10,7.295732736587524
8,0.4118380879654604,0.5555555555555556,0.43283082930141753,0.15384615384615385,0.3333333333333333,0.1,0.6071428571428571,1,2,16,9,28,10,7.301280498504639
9,0.27542560766724977,0.588888888888889,0.4431714608920492,0.42105263157894735,0.4444444444444444,0.4,0.6071428571428571,4,5,13,6,28,10,7.28420352935791
