epoch,train_loss,val_auroc,val_ap,val_f1,val_precision,val_recall,val_accuracy,val_tp,val_fp,val_tn,val_fn,val_n,val_n_pos,elapsed_sec
1,0.6995949943860372,0.6055555555555556,0.6359615384615385,0.5263157894736842,0.35714285714285715,1.0,0.35714285714285715,10,18,0,0,28,10,2.68428635597229
2,0.6844637195269266,0.638888888888889,0.6149418697244784,0.4,0.4,0.4,0.5714285714285714,4,6,12,6,28,10,2.3593854904174805
3,0.6879561609692044,0.5611111111111111,0.4278571428571429,0.5,0.36363636363636365,0.8,0.42857142857142855,8,14,4,2,28,10,2.364313840866089
4,0.6522578597068787,0.6666666666666667,0.5616708437761069,0.16666666666666666,0.5,0.1,0.6428571428571429,1,1,17,9,28,10,2.343717575073242
5,0.6093557940589057,0.5777777777777777,0.5248484848484848,0.15384615384615385,0.3333333333333333,0.1,0.6071428571428571,1,2,16,9,28,10,2.358424425125122
6,0.5526220500469208,0.5638888888888889,0.47523476523476527,0.0,0.0,0.0,0.6071428571428571,0,1,17,10,28,10,2.3731651306152344
7,0.5273034870624542,0.6111111111111112,0.4899146746972834,0.2857142857142857,0.5,0.2,0.6428571428571429,2,2,16,8,28,10,2.3552157878875732
