epoch,train_loss,val_auroc,val_ap,val_f1,val_precision,val_recall,val_accuracy,val_tp,val_fp,val_tn,val_fn,val_n,val_n_pos,elapsed_sec
1,0.7551511956585778,0.705,0.6229399585921325,0.5,0.3333333333333333,1.0,0.3333333333333333,10,20,0,0,30,10,4.9933085441589355
2,0.7328493330213759,0.565,0.4644394148524583,0.42857142857142855,0.3333333333333333,0.6,0.4666666666666667,6,12,8,4,30,10,4.650644063949585
3,0.6445610258314345,0.565,0.48094884808677907,0.4444444444444444,0.35294117647058826,0.6,0.5,6,11,9,4,30,10,4.624970436096191
4,0.5392666591538323,0.5925,0.5401475191475191,0.5217391304347826,0.46153846153846156,0.6,0.6333333333333333,6,7,13,4,30,10,4.667066812515259
