epoch,train_loss,val_auroc,val_ap,val_f1,val_precision,val_recall,val_accuracy,val_tp,val_fp,val_tn,val_fn,val_n,val_n_pos,elapsed_sec
1,0.6351204944385899,0.47000000000000003,0.3269032206183909,0.0,0.0,0.0,0.6666666666666666,0,0,20,10,30,10,117.46176266670227
2,0.6359259347907074,0.75,0.6763547563547564,0.0,0.0,0.0,0.6666666666666666,0,0,20,10,30,10,117.34522294998169
3,0.6038593068022093,0.71,0.6750545107066845,0.0,0.0,0.0,0.6666666666666666,0,0,20,10,30,10,117.14353537559509
4,0.503904927146735,0.5774999999999999,0.5385802277432712,0.0,0.0,0.0,0.6666666666666666,0,0,20,10,30,10,117.01020622253418
5,0.3832503072113442,0.48250000000000004,0.3305981299402352,0.0,0.0,0.0,0.6666666666666666,0,0,20,10,30,10,117.14768719673157
