epoch,train_loss,val_auroc,val_ap,val_f1,val_precision,val_recall,val_accuracy,val_tp,val_fp,val_tn,val_fn,val_n,val_n_pos,elapsed_sec
1,0.7076991013118199,0.3375,0.2830404889228419,0.0,0.0,0.0,0.6666666666666666,0,0,20,10,30,10,30.07240581512451
2,0.7041399410792759,0.355,0.3154385964912281,0.0,0.0,0.0,0.6666666666666666,0,0,20,10,30,10,29.956314086914062
3,0.7131708894457136,0.505,0.3687475098001414,0.0,0.0,0.0,0.6666666666666666,0,0,20,10,30,10,29.890541553497314
4,0.6845189877918788,0.5700000000000001,0.5020643563709588,0.0,0.0,0.0,0.6666666666666666,0,0,20,10,30,10,29.736809015274048
5,0.7222323179244995,0.5375000000000001,0.4647394272394272,0.5,0.3333333333333333,1.0,0.3333333333333333,10,20,0,0,30,10,29.918129444122314
6,0.6765869140625,0.665,0.4693871487989135,0.0,0.0,0.0,0.6666666666666666,0,0,20,10,30,10,29.750404834747314
7,0.7216890384043966,0.505,0.36964334541733923,0.0,0.0,0.0,0.6666666666666666,0,0,20,10,30,10,29.865126609802246
8,0.544760936498642,0.475,0.40453160530559906,0.36363636363636365,0.3333333333333333,0.4,0.5333333333333333,4,8,12,6,30,10,29.84386706352234
9,0.4396078131028584,0.5700000000000001,0.45288281979458445,0.4,0.4,0.4,0.6,4,6,14,6,30,10,29.769980907440186
