epoch,train_loss,val_auroc,val_ap,val_f1,val_precision,val_recall,val_accuracy,val_tp,val_fp,val_tn,val_fn,val_n,val_n_pos,elapsed_sec
1,0.667646980757336,0.48,0.3315224726254138,0.0,0.0,0.0,0.6666666666666666,0,0,20,10,30,10,116.38007521629333
2,0.6266574654862177,0.42,0.3320625344154756,0.0,0.0,0.0,0.6666666666666666,0,0,20,10,30,10,116.05359268188477
3,0.5758772316596491,0.695,0.5204823109467072,0.0,0.0,0.0,0.6666666666666666,0,0,20,10,30,10,116.32524013519287
4,0.4931926577211284,0.5449999999999999,0.4950505279034691,0.0,0.0,0.0,0.6666666666666666,0,0,20,10,30,10,115.99828171730042
5,0.3642304065308983,0.575,0.5692886061307114,0.3333333333333333,1.0,0.2,0.7333333333333333,2,0,20,8,30,10,115.88565754890442
6,0.19990728420989334,0.6,0.45466883116883117,0.0,0.0,0.0,0.6666666666666666,0,0,20,10,30,10,115.85590720176697
