epoch,train_loss,val_auroc,val_ap,val_f1,val_precision,val_recall,val_accuracy,val_tp,val_fp,val_tn,val_fn,val_n,val_n_pos,elapsed_sec
1,0.6992171140883466,0.48749999999999993,0.4571755368814192,0.0,0.0,0.0,0.6666666666666666,0,0,20,10,30,10,120.07710838317871
2,0.6170912991753585,0.495,0.5341483104601545,0.0,0.0,0.0,0.6666666666666666,0,0,20,10,30,10,119.77975559234619
3,0.5651230751235279,0.5349999999999999,0.4784311205741667,0.0,0.0,0.0,0.6666666666666666,0,0,20,10,30,10,119.46127724647522
4,0.5044682537801832,0.55,0.45222567287784676,0.0,0.0,0.0,0.6666666666666666,0,0,20,10,30,10,119.63476204872131
5,0.3692746696015485,0.625,0.5314497354497354,0.18181818181818182,1.0,0.1,0.7,1,0,20,9,30,10,119.3868887424469
6,0.24106362677118975,0.5025000000000001,0.46746770087273515,0.18181818181818182,1.0,0.1,0.7,1,0,20,9,30,10,119.36074113845825
7,0.1297128436443724,0.4600000000000001,0.4157971014492754,0.18181818181818182,1.0,0.1,0.7,1,0,20,9,30,10,119.48653244972229
8,0.09862702249267923,0.4600000000000001,0.46354072963518234,0.3076923076923077,0.6666666666666666,0.2,0.7,2,1,19,8,30,10,119.57761573791504
