epoch,train_loss,val_auroc,val_ap,val_f1,val_precision,val_recall,val_accuracy,val_tp,val_fp,val_tn,val_fn,val_n,val_n_pos,elapsed_sec
1,0.7007791499296824,0.6775000000000001,0.46665469033890083,0.5,0.3333333333333333,1.0,0.3333333333333333,10,20,0,0,30,10,7.62640643119812
2,0.7029253078831567,0.61,0.4221333783175888,0.0,0.0,0.0,0.6666666666666666,0,0,20,10,30,10,7.244205474853516
3,0.6842055949899886,0.5650000000000001,0.38381752750173803,0.0,0.0,0.0,0.6666666666666666,0,0,20,10,30,10,7.203438758850098
4,0.6743998295731015,0.5800000000000001,0.3891387613726676,0.6206896551724138,0.47368421052631576,0.9,0.6333333333333333,9,10,10,1,30,10,7.180335998535156
