epoch,train_loss,val_auroc,val_ap,val_f1,val_precision,val_recall,val_accuracy,val_tp,val_fp,val_tn,val_fn,val_n,val_n_pos,elapsed_sec
1,0.747391334601811,0.425,0.3217160548429898,0.0,0.0,0.0,0.6666666666666666,0,0,20,10,30,10,30.09262728691101
2,0.7439948243754251,0.365,0.2924566880487933,0.0,0.0,0.0,0.6666666666666666,0,0,20,10,30,10,30.019752025604248
3,0.6947620391845704,0.345,0.27994112664828774,0.17391304347826086,0.15384615384615385,0.2,0.36666666666666664,2,11,9,8,30,10,29.852115154266357
4,0.6783594497612544,0.5650000000000001,0.444606542882405,0.0,0.0,0.0,0.6666666666666666,0,0,20,10,30,10,29.797576904296875
5,0.7416386097669602,0.45,0.3355526826115061,0.0,0.0,0.0,0.6666666666666666,0,0,20,10,30,10,29.89900016784668
6,0.5509403663022178,0.2225,0.26475873264666366,0.0,0.0,0.0,0.6333333333333333,0,1,19,10,30,10,29.764613151550293
7,0.39640327181134904,0.32,0.27362962962962967,0.0,0.0,0.0,0.43333333333333335,0,7,13,10,30,10,29.897610902786255
