epoch,train_loss,val_auroc,val_ap,val_f1,val_precision,val_recall,val_accuracy,val_tp,val_fp,val_tn,val_fn,val_n,val_n_pos,elapsed_sec
1,0.7055896450491512,0.4611111111111111,0.3536118130235777,0.0,0.0,0.0,0.5357142857142857,0,3,15,10,28,10,4.063432931900024
2,0.6976228391422945,0.6444444444444445,0.5240968731990403,0.0,0.0,0.0,0.6428571428571429,0,0,18,10,28,10,3.705360174179077
3,0.6987095054458169,0.513888888888889,0.4954761904761904,0.18181818181818182,1.0,0.1,0.6785714285714286,1,0,18,9,28,10,3.664360523223877
4,0.674722994075102,0.4888888888888888,0.45346801346801346,0.5454545454545454,0.5,0.6,0.6428571428571429,6,6,12,4,28,10,3.685312509536743
5,0.6425644895609688,0.4555555555555556,0.48483301012712776,0.0,0.0,0.0,0.6428571428571429,0,0,18,10,28,10,3.7041049003601074
