epoch,train_loss,val_auroc,val_ap,val_f1,val_precision,val_recall,val_accuracy,val_tp,val_fp,val_tn,val_fn,val_n,val_n_pos,elapsed_sec
1,0.700475146373113,0.575,0.38881401278460104,0.13333333333333333,0.2,0.1,0.5666666666666667,1,4,16,9,30,10,7.565216302871704
2,0.6963609457015991,0.5700000000000001,0.43163693794128577,0.5454545454545454,0.391304347826087,0.9,0.5,9,14,6,1,30,10,7.184259414672852
3,0.6715577609009213,0.655,0.45151895771571227,0.56,0.4666666666666667,0.7,0.6333333333333333,7,8,12,3,30,10,7.189752578735352
4,0.6357447306315104,0.6799999999999999,0.4682181408854837,0.6428571428571429,0.5,0.9,0.6666666666666666,9,9,11,1,30,10,7.199271202087402
5,0.617881135808097,0.67,0.46675070028011206,0.15384615384615385,0.3333333333333333,0.1,0.6333333333333333,1,2,18,9,30,10,7.186815977096558
6,0.4983430802822113,0.6900000000000001,0.4773117623117623,0.14285714285714285,0.25,0.1,0.6,1,3,17,9,30,10,7.182703495025635
7,0.3101256994737519,0.6775000000000001,0.4733333333333333,0.0,0.0,0.0,0.6,0,2,18,10,30,10,7.218022346496582
8,0.2948931138962507,0.6775,0.47673992673992666,0.25,0.3333333333333333,0.2,0.6,2,4,16,8,30,10,7.203911542892456
9,0.18600549259119564,0.67,0.48646196940314584,0.0,0.0,0.0,0.6,0,2,18,10,30,10,7.202067613601685
