epoch,train_loss,val_auroc,val_ap,val_f1,val_precision,val_recall,val_accuracy,val_tp,val_fp,val_tn,val_fn,val_n,val_n_pos,elapsed_sec
1,0.8370392187075182,0.34444444444444444,0.40508028525419826,0.5263157894736842,0.35714285714285715,1.0,0.35714285714285715,10,18,0,0,28,10,27.249655961990356
2,0.7351683721397863,0.41666666666666663,0.3577913533834586,0.5161290322580645,0.38095238095238093,0.8,0.4642857142857143,8,13,5,2,28,10,26.97087049484253
3,0.7183391433773618,0.2888888888888889,0.2885906685906686,0.0,0.0,0.0,0.6428571428571429,0,0,18,10,28,10,26.941609859466553
4,0.7133366284948407,0.46111111111111114,0.3852287157287157,0.0,0.0,0.0,0.6428571428571429,0,0,18,10,28,10,27.021479845046997
5,0.7220422047557253,0.5444444444444445,0.47107132708155725,0.5454545454545454,0.391304347826087,0.9,0.4642857142857143,9,14,4,1,28,10,26.904553174972534
6,0.7091827681570342,0.6111111111111112,0.5939706428836863,0.35294117647058826,0.42857142857142855,0.3,0.6071428571428571,3,4,14,7,28,10,26.921977758407593
7,0.6398194811560891,0.5888888888888888,0.6187710437710437,0.375,0.5,0.3,0.6428571428571429,3,3,15,7,28,10,27.146700382232666
8,0.523737529462034,0.5277777777777778,0.4560673799884326,0.5,0.42857142857142855,0.6,0.5714285714285714,6,8,10,4,28,10,26.91344165802002
9,0.406915032953927,0.5611111111111111,0.5130765189975716,0.5555555555555556,0.625,0.5,0.7142857142857143,5,3,15,5,28,10,27.00387692451477
