epoch,train_loss,val_auroc,val_ap,val_f1,val_precision,val_recall,val_accuracy,val_tp,val_fp,val_tn,val_fn,val_n,val_n_pos,elapsed_sec
1,0.6716393059749397,0.7975000000000001,0.6623901098901098,0.0,0.0,0.0,0.6666666666666666,0,0,20,10,30,10,118.34662795066833
2,0.6450226846680367,0.5575,0.3716894508999772,0.0,0.0,0.0,0.6666666666666666,0,0,20,10,30,10,118.17085790634155
3,0.6289462794502862,0.77,0.5891469641469641,0.0,0.0,0.0,0.6666666666666666,0,0,20,10,30,10,118.38802313804626
4,0.6424756083342669,0.765,0.5924603174603175,0.0,0.0,0.0,0.6666666666666666,0,0,20,10,30,10,118.2405652999878
