epoch,train_loss,val_auroc,val_ap,val_f1,val_precision,val_recall,val_accuracy,val_tp,val_fp,val_tn,val_fn,val_n,val_n_pos,elapsed_sec
1,0.6975710822476281,0.44999999999999996,0.3323711075073304,0.2727272727272727,0.25,0.3,0.4666666666666667,3,9,11,7,30,10,5.63869571685791
2,0.6923113432195451,0.54,0.40045515887621147,0.5,0.3333333333333333,1.0,0.3333333333333333,10,20,0,0,30,10,5.255191087722778
3,0.6632285548581017,0.43000000000000005,0.32391414141414143,0.35714285714285715,0.2777777777777778,0.5,0.4,5,13,7,5,30,10,4.945505380630493
4,0.6184952590200636,0.44499999999999995,0.3521574721574721,0.0,0.0,0.0,0.6,0,2,18,10,30,10,4.6981141567230225
5,0.5136121114095052,0.595,0.4211494645705172,0.5142857142857142,0.36,0.9,0.43333333333333335,9,16,4,1,30,10,4.73321270942688
6,0.4320369569791688,0.505,0.3483101631002681,0.5333333333333333,0.4,0.8,0.5333333333333333,8,12,8,2,30,10,4.74902606010437
7,0.2866538746489419,0.535,0.3740555555555556,0.48484848484848486,0.34782608695652173,0.8,0.43333333333333335,8,15,5,2,30,10,4.7668352127075195
8,0.21122448932793406,0.5250000000000001,0.37386236951454344,0.4444444444444444,0.35294117647058826,0.6,0.5,6,11,9,4,30,10,4.740886926651001
