epoch,train_loss,val_auroc,val_ap,val_f1,val_precision,val_recall,val_accuracy,val_tp,val_fp,val_tn,val_fn,val_n,val_n_pos,elapsed_sec
1,0.7266437317643847,0.7075,0.4918605903900022,0.0,0.0,0.0,0.6666666666666666,0,0,20,10,30,10,28.31816577911377
2,0.717866450548172,0.635,0.5438192640692642,0.0,0.0,0.0,0.6666666666666666,0,0,20,10,30,10,28.20485281944275
3,0.6826685896941593,0.665,0.5542000532732798,0.0,0.0,0.0,0.6666666666666666,0,0,20,10,30,10,28.052513122558594
4,0.7127623856067657,0.5700000000000001,0.46121977160770267,0.4864864864864865,0.3333333333333333,0.9,0.36666666666666664,9,18,2,1,30,10,27.988802433013916
