epoch,train_loss,val_auroc,val_ap,val_f1,val_precision,val_recall,val_accuracy,val_tp,val_fp,val_tn,val_fn,val_n,val_n_pos,elapsed_sec
1,0.7324367463588715,0.615,0.5607936507936507,0.5294117647058824,0.375,0.9,0.4666666666666667,9,15,5,1,30,10,4.0552754402160645
2,0.6710346771611108,0.6749999999999999,0.6488703703703703,0.631578947368421,0.6666666666666666,0.6,0.7666666666666667,6,3,17,4,30,10,3.6811962127685547
3,0.6298527518908182,0.715,0.710172064777328,0.5714285714285714,1.0,0.4,0.8,4,0,20,6,30,10,3.692408800125122
4,0.46860699355602264,0.6799999999999999,0.697936507936508,0.5714285714285714,1.0,0.4,0.8,4,0,20,6,30,10,3.7195887565612793
5,0.3385286298063066,0.7350000000000001,0.6826143790849672,0.5333333333333333,0.8,0.4,0.7666666666666667,4,1,19,6,30,10,3.7197084426879883
6,0.18707233501805198,0.685,0.5563051029430339,0.0,0.0,0.0,0.6666666666666666,0,0,20,10,30,10,3.7076172828674316
7,0.10342207882139418,0.6699999999999999,0.5710390100095982,0.16666666666666666,0.5,0.1,0.6666666666666666,1,1,19,9,30,10,3.6929006576538086
8,0.07453664826850097,0.67,0.597948717948718,0.5333333333333333,0.8,0.4,0.7666666666666667,4,1,19,6,30,10,3.6993155479431152
