epoch,train_loss,val_auroc,val_ap,val_f1,val_precision,val_recall,val_accuracy,val_tp,val_fp,val_tn,val_fn,val_n,val_n_pos,elapsed_sec
1,0.6519594383325508,0.37,0.29026511169989433,0.0,0.0,0.0,0.6666666666666666,0,0,20,10,30,10,116.8906557559967
2,0.6339869914080599,0.6799999999999999,0.6090065681444992,0.0,0.0,0.0,0.6666666666666666,0,0,20,10,30,10,116.70879983901978
3,0.6018527026871126,0.5149999999999999,0.48526536731634184,0.0,0.0,0.0,0.6666666666666666,0,0,20,10,30,10,116.42059206962585
4,0.5534017191891619,0.5825,0.5051884762411079,0.0,0.0,0.0,0.6666666666666666,0,0,20,10,30,10,116.55244016647339
5,0.4624838016712837,0.51,0.3539145658263305,0.0,0.0,0.0,0.6666666666666666,0,0,20,10,30,10,116.74828886985779
