epoch,train_loss,val_auroc,val_ap,val_f1,val_precision,val_recall,val_accuracy,val_tp,val_fp,val_tn,val_fn,val_n,val_n_pos,elapsed_sec
1,0.6874856286578708,0.505,0.337952847805789,0.0,0.0,0.0,0.6666666666666666,0,0,20,10,30,10,4.970162391662598
2,0.6727548804548051,0.43000000000000005,0.40507454606030313,0.0,0.0,0.0,0.6666666666666666,0,0,20,10,30,10,4.632931709289551
3,0.6817989879184299,0.555,0.41154970760233917,0.0,0.0,0.0,0.6666666666666666,0,0,20,10,30,10,4.6736860275268555
4,0.583094812101788,0.495,0.4800103418697953,0.3333333333333333,1.0,0.2,0.7333333333333333,2,0,20,8,30,10,4.613998174667358
5,0.45554859439531964,0.52,0.4345436303176241,0.0,0.0,0.0,0.6666666666666666,0,0,20,10,30,10,4.641046047210693
6,0.3421679950422711,0.51,0.3900716007004039,0.23529411764705882,0.2857142857142857,0.2,0.5666666666666667,2,5,15,8,30,10,4.652477264404297
