epoch,train_loss,val_auroc,val_ap,val_f1,val_precision,val_recall,val_accuracy,val_tp,val_fp,val_tn,val_fn,val_n,val_n_pos,elapsed_sec
1,0.7023172047403123,0.66,0.6465680761733393,0.5,0.3333333333333333,1.0,0.3333333333333333,10,20,0,0,30,10,2.4925191402435303
2,0.682961106300354,0.6775,0.631517094017094,0.5714285714285714,0.5454545454545454,0.6,0.7,6,5,15,4,30,10,2.1710774898529053
3,0.6581659184561836,0.725,0.6131780538302277,0.5555555555555556,0.625,0.5,0.7333333333333333,5,3,17,5,30,10,2.1902999877929688
4,0.6243409249517653,0.7050000000000001,0.6000476190476189,0.42857142857142855,0.75,0.3,0.7333333333333333,3,1,19,7,30,10,2.1646440029144287
5,0.5731115076276991,0.71,0.5962597402597403,0.5,0.5,0.5,0.6666666666666666,5,5,15,5,30,10,2.1836893558502197
6,0.5164460374249352,0.7050000000000001,0.5961282051282051,0.42857142857142855,0.75,0.3,0.7333333333333333,3,1,19,7,30,10,2.1600921154022217
