epoch,train_loss,val_auroc,val_ap,val_f1,val_precision,val_recall,val_accuracy,val_tp,val_fp,val_tn,val_fn,val_n,val_n_pos,elapsed_sec
1,0.6965180006292131,0.43499999999999994,0.33308855995788844,0.0,0.0,0.0,0.6666666666666666,0,0,20,10,30,10,9.273265838623047
2,0.695888426568773,0.44,0.3436552018108593,0.0,0.0,0.0,0.6666666666666666,0,0,20,10,30,10,9.00273847579956
3,0.686602340804206,0.475,0.3685393772893773,0.5,0.3333333333333333,1.0,0.3333333333333333,10,20,0,0,30,10,8.99749493598938
4,0.6959922379917569,0.515,0.3644670908801344,0.36363636363636365,0.3333333333333333,0.4,0.5333333333333333,4,8,12,6,30,10,8.962562561035156
5,0.6638709439171685,0.53,0.3703587697705345,0.45714285714285713,0.32,0.8,0.36666666666666664,8,17,3,2,30,10,8.962060451507568
6,0.6502827306588491,0.47500000000000003,0.41737849320330134,0.4166666666666667,0.35714285714285715,0.5,0.5333333333333333,5,9,11,5,30,10,8.939530849456787
7,0.5213349933425585,0.44999999999999996,0.4024727668845316,0.4166666666666667,0.35714285714285715,0.5,0.5333333333333333,5,9,11,5,30,10,8.937915325164795
8,0.38005822979741627,0.44,0.35372448214553476,0.34782608695652173,0.3076923076923077,0.4,0.5,4,9,11,6,30,10,8.924750804901123
