epoch,train_loss,val_auroc,val_ap,val_f1,val_precision,val_recall,val_accuracy,val_tp,val_fp,val_tn,val_fn,val_n,val_n_pos,elapsed_sec
1,0.6979926062954797,0.6025,0.4069337390128465,0.5,0.3333333333333333,1.0,0.3333333333333333,10,20,0,0,30,10,7.569046497344971
2,0.7269512017567953,0.6475,0.5182489923869233,0.5,0.3333333333333333,1.0,0.3333333333333333,10,20,0,0,30,10,7.163520097732544
3,0.6778746975792779,0.63,0.5450269716523586,0.25,0.3333333333333333,0.2,0.6,2,4,16,8,30,10,7.187937021255493
4,0.663452555735906,0.675,0.4848265324938753,0.6206896551724138,0.47368421052631576,0.9,0.6333333333333333,9,10,10,1,30,10,7.187733888626099
5,0.6083071596092648,0.595,0.5136904761904761,0.42105263157894735,0.4444444444444444,0.4,0.6333333333333333,4,5,15,6,30,10,7.159795522689819
6,0.4995231098598904,0.605,0.47775841117946377,0.2857142857142857,0.5,0.2,0.6666666666666666,2,2,18,8,30,10,7.162514925003052
7,0.36575201981597477,0.5449999999999999,0.40772252601199965,0.26666666666666666,0.4,0.2,0.6333333333333333,2,3,17,8,30,10,7.170725107192993
