epoch,train_loss,val_auroc,val_ap,val_f1,val_precision,val_recall,val_accuracy,val_tp,val_fp,val_tn,val_fn,val_n,val_n_pos,elapsed_sec
1,0.7006834149360657,0.4777777777777778,0.4902955635695574,0.4375,0.3181818181818182,0.7,0.35714285714285715,7,15,3,3,28,10,2.6989917755126953
2,0.693749361568027,0.49444444444444446,0.5003893557422969,0.0,0.0,0.0,0.6428571428571429,0,0,18,10,28,10,2.3501312732696533
3,0.6868611110581292,0.5222222222222223,0.5454157509157509,0.0,0.0,0.0,0.6428571428571429,0,0,18,10,28,10,2.3553781509399414
4,0.6715356641345553,0.45,0.4558108558108558,0.18181818181818182,1.0,0.1,0.6785714285714286,1,0,18,9,28,10,2.3501548767089844
5,0.6422920624415079,0.4555555555555556,0.47716066341066343,0.16666666666666666,0.5,0.1,0.6428571428571429,1,1,17,9,28,10,2.3524057865142822
6,0.5921566552586026,0.38888888888888895,0.3522169176849484,0.15384615384615385,0.3333333333333333,0.1,0.6071428571428571,1,2,16,9,28,10,2.344714403152466
