epoch,train_loss,val_auroc,val_ap,val_f1,val_precision,val_recall,val_accuracy,val_tp,val_fp,val_tn,val_fn,val_n,val_n_pos,elapsed_sec
1,0.8102293863441005,0.2777777777777778,0.2853896103896104,0.0,0.0,0.0,0.6428571428571429,0,0,18,10,28,10,27.270155429840088
2,0.7205095607222933,0.5333333333333333,0.37389971139971134,0.0,0.0,0.0,0.6428571428571429,0,0,18,10,28,10,27.18406629562378
3,0.705552999720429,0.5861111111111111,0.4255860805860806,0.0,0.0,0.0,0.6428571428571429,0,0,18,10,28,10,26.949217557907104
4,0.6782467040148649,0.4722222222222222,0.374486036838978,0.5294117647058824,0.375,0.9,0.42857142857142855,9,15,3,1,28,10,27.069210290908813
5,0.5528766630273877,0.5055555555555555,0.4383108712752676,0.15384615384615385,0.3333333333333333,0.1,0.6071428571428571,1,2,16,9,28,10,27.074777126312256
6,0.4366080991246484,0.5055555555555555,0.44970749862054205,0.125,0.16666666666666666,0.1,0.5,1,5,13,9,28,10,26.91046452522278
