epoch,train_loss,val_auroc,val_ap,val_f1,val_precision,val_recall,val_accuracy,val_tp,val_fp,val_tn,val_fn,val_n,val_n_pos,elapsed_sec
1,0.739999748979296,0.595,0.4207453848833159,0.5,0.3333333333333333,1.0,0.3333333333333333,10,20,0,0,30,10,30.074867010116577
2,0.6927321553230286,0.42,0.33067373802667915,0.0,0.0,0.0,0.6666666666666666,0,0,20,10,30,10,30.04175901412964
3,0.6794304089886801,0.48000000000000004,0.34112128544977904,0.4444444444444444,0.3076923076923077,0.8,0.3333333333333333,8,18,2,2,30,10,29.905497789382935
4,0.6088156998157501,0.44000000000000006,0.34215488215488216,0.25,0.3333333333333333,0.2,0.6,2,4,16,8,30,10,29.83767008781433
