epoch,train_loss,val_auroc,val_ap,val_f1,val_precision,val_recall,val_accuracy,val_tp,val_fp,val_tn,val_fn,val_n,val_n_pos,elapsed_sec
1,0.7305567330784268,0.435,0.31306527536790696,0.5142857142857142,0.36,0.9,0.43333333333333335,9,16,4,1,30,10,4.000494003295898
2,0.6852943930361006,0.495,0.3461192086299018,0.0,0.0,0.0,0.6666666666666666,0,0,20,10,30,10,3.5931060314178467
3,0.6575067804919349,0.685,0.46825396825396826,0.25,0.3333333333333333,0.2,0.6,2,4,16,8,30,10,3.7028472423553467
4,0.6370803713798523,0.66,0.4584078884078884,0.0,0.0,0.0,0.5666666666666667,0,3,17,10,30,10,3.709599494934082
5,0.4811025824811723,0.7050000000000001,0.6223698715078025,0.47619047619047616,0.45454545454545453,0.5,0.6333333333333333,5,6,14,5,30,10,3.6236751079559326
6,0.3584584544102351,0.8325,0.7418598068598068,0.0,0.0,0.0,0.6666666666666666,0,0,20,10,30,10,3.6394143104553223
7,0.2609298179546992,0.6799999999999999,0.5465902074025644,0.42857142857142855,0.75,0.3,0.7333333333333333,3,1,19,7,30,10,3.6901416778564453
8,0.24173209567864737,0.6075,0.4863964839508318,0.0,0.0,0.0,0.6333333333333333,0,1,19,10,30,10,3.6857516765594482
9,0.16922951199942166,0.7,0.499766573295985,0.35294117647058826,0.42857142857142855,0.3,0.6333333333333333,3,4,16,7,30,10,3.7092244625091553
