epoch,train_loss,val_auroc,val_ap,val_f1,val_precision,val_recall,val_accuracy,val_tp,val_fp,val_tn,val_fn,val_n,val_n_pos,elapsed_sec
1,0.7058408716145683,0.6833333333333333,0.5989539627039627,0.375,0.5,0.3,0.6428571428571429,3,3,15,7,28,10,4.077999114990234
2,0.6876316526356865,0.5305555555555556,0.41644300144300145,0.0,0.0,0.0,0.6428571428571429,0,0,18,10,28,10,3.7180278301239014
3,0.6889671297634349,0.49444444444444446,0.5066800962195699,0.5263157894736842,0.35714285714285715,1.0,0.35714285714285715,10,18,0,0,28,10,3.689006805419922
4,0.6703986174920026,0.6166666666666667,0.6010830400536282,0.5925925925925926,0.47058823529411764,0.8,0.6071428571428571,8,9,9,2,28,10,3.7016844749450684
