epoch,train_loss,val_auroc,val_ap,val_f1,val_precision,val_recall,val_accuracy,val_tp,val_fp,val_tn,val_fn,val_n,val_n_pos,elapsed_sec
1,0.7323722077740563,0.7500000000000001,0.5946377696377697,0.5263157894736842,0.35714285714285715,1.0,0.4,10,18,2,0,30,10,4.007395267486572
2,0.6882341537210677,0.725,0.7021064425770308,0.0,0.0,0.0,0.6666666666666666,0,0,20,10,30,10,3.6900668144226074
3,0.6497568686803182,0.725,0.6881780538302278,0.0,0.0,0.0,0.6666666666666666,0,0,20,10,30,10,3.6835153102874756
4,0.6285354561275907,0.7999999999999999,0.6966701173222912,0.0,0.0,0.0,0.6333333333333333,0,1,19,10,30,10,3.6882686614990234
5,0.4755207664436764,0.52,0.3673786181139122,0.0,0.0,0.0,0.6666666666666666,0,0,20,10,30,10,3.67741060256958
6,0.328404044939412,0.7074999999999999,0.5078052784574524,0.0,0.0,0.0,0.6333333333333333,0,1,19,10,30,10,3.6912076473236084
7,0.1975872777402401,0.76,0.577844611528822,0.2857142857142857,0.5,0.2,0.6666666666666666,2,2,18,8,30,10,3.6919233798980713
