epoch,train_loss,val_auroc,val_ap,val_f1,val_precision,val_recall,val_accuracy,val_tp,val_fp,val_tn,val_fn,val_n,val_n_pos,elapsed_sec
1,0.690184172656801,0.6174999999999999,0.5766951566951567,0.5294117647058824,0.375,0.9,0.4666666666666667,9,15,5,1,30,10,7.592605113983154
2,0.6980949574046664,0.62,0.45572734736527837,0.0,0.0,0.0,0.6666666666666666,0,0,20,10,30,10,7.252518177032471
3,0.7176102002461752,0.63,0.5385224089635854,0.3333333333333333,0.375,0.3,0.6,3,5,15,7,30,10,7.283062219619751
4,0.6538864804638757,0.68,0.5703978864272982,0.6,0.45,0.9,0.6,9,11,9,1,30,10,7.267529726028442
5,0.6236769755681356,0.64,0.5203504828504828,0.2857142857142857,0.5,0.2,0.6666666666666666,2,2,18,8,30,10,7.210747241973877
6,0.5429181274440553,0.705,0.5608465608465608,0.2857142857142857,0.5,0.2,0.6666666666666666,2,2,18,8,30,10,7.195852518081665
7,0.44569876458909774,0.5900000000000001,0.4341068754112232,0.25,0.3333333333333333,0.2,0.6,2,4,16,8,30,10,7.206958293914795
8,0.3573816791176796,0.6250000000000001,0.504821716126064,0.15384615384615385,0.3333333333333333,0.1,0.6333333333333333,1,2,18,9,30,10,7.203634023666382
9,0.2749934254421128,0.645,0.5178849902534113,0.18181818181818182,1.0,0.1,0.7,1,0,20,9,30,10,7.196925640106201
