epoch,train_loss,val_auroc,val_ap,val_f1,val_precision,val_recall,val_accuracy,val_tp,val_fp,val_tn,val_fn,val_n,val_n_pos,elapsed_sec
1,0.7005915575557284,0.5900000000000001,0.3805198845365759,0.5,0.3333333333333333,1.0,0.3333333333333333,10,20,0,0,30,10,2.498814821243286
2,0.691225720776452,0.545,0.4929078938569703,0.5454545454545454,0.391304347826087,0.9,0.5,9,14,6,1,30,10,2.166044235229492
3,0.6740280058648851,0.565,0.5021797139908595,0.23529411764705882,0.2857142857142857,0.2,0.5666666666666667,2,5,15,8,30,10,2.194589138031006
4,0.6445420251952277,0.63,0.5480193236714975,0.42105263157894735,0.4444444444444444,0.4,0.6333333333333333,4,5,15,6,30,10,2.187380313873291
5,0.5881540245480008,0.67,0.5145238095238095,0.26666666666666666,0.4,0.2,0.6333333333333333,2,3,17,8,30,10,2.1683802604675293
6,0.5158666239844428,0.72,0.5523076923076923,0.35294117647058826,0.42857142857142855,0.3,0.6333333333333333,3,4,16,7,30,10,2.2033393383026123
7,0.44536035921838546,0.645,0.45084249084249084,0.375,0.5,0.3,0.6666666666666666,3,3,17,7,30,10,2.1877167224884033
8,0.3689120014508565,0.62,0.43134398496240606,0.26666666666666666,0.4,0.2,0.6333333333333333,2,3,17,8,30,10,2.1880624294281006
9,0.3329882158173455,0.63,0.4387876554130424,0.26666666666666666,0.4,0.2,0.6333333333333333,2,3,17,8,30,10,2.189802885055542
