epoch,train_loss,val_auroc,val_ap,val_f1,val_precision,val_recall,val_accuracy,val_tp,val_fp,val_tn,val_fn,val_n,val_n_pos,elapsed_sec
1,0.7902895853374944,0.5722222222222222,0.5130075187969925,0.5555555555555556,0.38461538461538464,1.0,0.42857142857142855,10,16,2,0,28,10,27.24514651298523
2,0.6742905315124628,0.5194444444444444,0.4275720812293703,0.0,0.0,0.0,0.6428571428571429,0,0,18,10,28,10,27.06907558441162
3,0.6890705083355759,0.6361111111111112,0.47671791443850264,0.5625,0.4090909090909091,0.9,0.5,9,13,5,1,28,10,26.868547201156616
4,0.6599897606806322,0.6694444444444445,0.5821484071484071,0.0,0.0,0.0,0.6428571428571429,0,0,18,10,28,10,26.990195751190186
5,0.6387454289378542,0.5166666666666666,0.4379469204411996,0.4,0.3333333333333333,0.5,0.4642857142857143,5,10,8,5,28,10,27.009460926055908
6,0.49998566959843493,0.5333333333333333,0.397924351476983,0.5161290322580645,0.38095238095238093,0.8,0.4642857142857143,8,13,5,2,28,10,26.932028770446777
7,0.3381595123897899,0.5166666666666666,0.472060347060347,0.35294117647058826,0.42857142857142855,0.3,0.6071428571428571,3,4,14,7,28,10,26.983527421951294
