epoch,train_loss,val_auroc,val_ap,val_f1,val_precision,val_recall,val_accuracy,val_tp,val_fp,val_tn,val_fn,val_n,val_n_pos,elapsed_sec
1,0.7279500916148677,0.4777777777777778,0.5200452787952787,0.4375,0.3181818181818182,0.7,0.35714285714285715,7,15,3,3,28,10,27.20605158805847
2,0.7025966301108851,0.5111111111111111,0.3776050420168067,0.0,0.0,0.0,0.6428571428571429,0,0,18,10,28,10,27.078282117843628
3,0.7026975200031743,0.4944444444444444,0.38943667443667446,0.0,0.0,0.0,0.6428571428571429,0,0,18,10,28,10,26.912502765655518
4,0.6802624933647387,0.5222222222222223,0.38130411255411256,0.0,0.0,0.0,0.6071428571428571,0,1,17,10,28,10,27.135898113250732
5,0.5174243833982584,0.33333333333333337,0.3136640844535581,0.15384615384615385,0.3333333333333333,0.1,0.6071428571428571,1,2,16,9,28,10,26.99108386039734
6,0.3306519803449963,0.5277777777777778,0.3698038584222795,0.48,0.4,0.6,0.5357142857142857,6,9,9,4,28,10,26.862702131271362
7,0.22201442063757867,0.47222222222222227,0.362327687792084,0.21052631578947367,0.2222222222222222,0.2,0.4642857142857143,2,7,11,8,28,10,26.941268920898438
8,0.13864927558284817,0.4111111111111111,0.33946845638022105,0.38095238095238093,0.36363636363636365,0.4,0.5357142857142857,4,7,11,6,28,10,26.86865782737732
9,0.07077004498040135,0.41111111111111104,0.33563534504710973,0.11764705882352941,0.14285714285714285,0.1,0.4642857142857143,1,6,12,9,28,10,26.967890977859497
