epoch,train_loss,val_auroc,val_ap,val_f1,val_precision,val_recall,val_accuracy,val_tp,val_fp,val_tn,val_fn,val_n,val_n_pos,elapsed_sec
1,0.739174429007939,0.5225,0.36284289784289786,0.5,0.3333333333333333,1.0,0.3333333333333333,10,20,0,0,30,10,28.33331608772278
2,0.6865832107407707,0.5425,0.3780916451969084,0.5217391304347826,0.46153846153846156,0.6,0.6333333333333333,6,7,13,4,30,10,28.234315395355225
3,0.7015139307294573,0.595,0.4585714285714285,0.15384615384615385,0.3333333333333333,0.1,0.6333333333333333,1,2,18,9,30,10,28.059600114822388
4,0.6160341254302434,0.72,0.6577039627039626,0.46153846153846156,1.0,0.3,0.7666666666666667,3,0,20,7,30,10,28.027214765548706
5,0.4891899858202253,0.675,0.6444713238830886,0.42857142857142855,0.75,0.3,0.7333333333333333,3,1,19,7,30,10,28.064132690429688
6,0.3780368951814515,0.6,0.4993831915211225,0.375,0.5,0.3,0.6666666666666666,3,3,17,7,30,10,27.95720911026001
7,0.28134586725916183,0.67,0.49,0.0,0.0,0.0,0.6333333333333333,0,1,19,10,30,10,28.041826248168945
