epoch,train_loss,val_auroc,val_ap,val_f1,val_precision,val_recall,val_accuracy,val_tp,val_fp,val_tn,val_fn,val_n,val_n_pos,elapsed_sec
1,0.7005449102984534,0.37,0.291465811965812,0.5,0.3333333333333333,1.0,0.3333333333333333,10,20,0,0,30,10,9.167951107025146
2,0.7252443134784698,0.34750000000000003,0.28304258422736683,0.5,0.3333333333333333,1.0,0.3333333333333333,10,20,0,0,30,10,8.783504962921143
3,0.6947467459572686,0.305,0.272104625127643,0.0,0.0,0.0,0.6666666666666666,0,0,20,10,30,10,8.791831970214844
4,0.6975264814164903,0.305,0.27482496053560523,0.5128205128205128,0.3448275862068966,1.0,0.36666666666666664,10,19,1,0,30,10,8.80668330192566
