epoch,train_loss,val_auroc,val_ap,val_f1,val_precision,val_recall,val_accuracy,val_tp,val_fp,val_tn,val_fn,val_n,val_n_pos,elapsed_sec
1,0.6897336426827547,0.42999999999999994,0.3937948717948717,0.0,0.0,0.0,0.6666666666666666,0,0,20,10,30,10,117.9141697883606
2,0.6557836932994479,0.865,0.791267942583732,0.0,0.0,0.0,0.6666666666666666,0,0,20,10,30,10,117.5004448890686
3,0.5949128102913177,0.745,0.6858467023172905,0.0,0.0,0.0,0.6666666666666666,0,0,20,10,30,10,117.48234009742737
4,0.5094046436464615,0.6900000000000001,0.5655094028778239,0.0,0.0,0.0,0.6666666666666666,0,0,20,10,30,10,117.3621039390564
5,0.3890772130099132,0.7424999999999999,0.6441567256273139,0.0,0.0,0.0,0.6666666666666666,0,0,20,10,30,10,117.54001188278198
