epoch,train_loss,val_auroc,val_ap,val_f1,val_precision,val_recall,val_accuracy,val_tp,val_fp,val_tn,val_fn,val_n,val_n_pos,elapsed_sec
1,0.7025698986318376,0.46499999999999997,0.32819519661624924,0.0,0.0,0.0,0.6666666666666666,0,0,20,10,30,10,9.092674493789673
2,0.6944485472308265,0.655,0.4859905780494016,0.0,0.0,0.0,0.6666666666666666,0,0,20,10,30,10,8.692322492599487
3,0.6817605992158254,0.5875,0.4465262588288904,0.5,0.3333333333333333,1.0,0.3333333333333333,10,20,0,0,30,10,8.694162845611572
4,0.6811713145838844,0.525,0.38032094124199384,0.125,0.16666666666666666,0.1,0.5333333333333333,1,5,15,9,30,10,8.713496685028076
5,0.7058169609970517,0.505,0.4233234782725548,0.2727272727272727,0.25,0.3,0.4666666666666667,3,9,11,7,30,10,8.689615964889526
