epoch,train_loss,val_auroc,val_ap,val_f1,val_precision,val_recall,val_accuracy,val_tp,val_fp,val_tn,val_fn,val_n,val_n_pos,elapsed_sec
1,0.6568619906902313,0.55,0.5205650489861016,0.0,0.0,0.0,0.6428571428571429,0,0,18,10,28,10,112.81083226203918
2,0.6297831353590344,0.8055555555555556,0.7591582491582491,0.0,0.0,0.0,0.6428571428571429,0,0,18,10,28,10,112.28236985206604
3,0.5484423670127536,0.7833333333333334,0.718168498168498,0.0,0.0,0.0,0.6428571428571429,0,0,18,10,28,10,112.01878190040588
4,0.47422343989213306,0.7333333333333334,0.6872710622710623,0.18181818181818182,1.0,0.1,0.6785714285714286,1,0,18,9,28,10,111.63146305084229
5,0.3463173693568079,0.6388888888888888,0.6600557413600892,0.18181818181818182,1.0,0.1,0.6785714285714286,1,0,18,9,28,10,111.8397843837738
