epoch,train_loss,val_auroc,val_ap,val_f1,val_precision,val_recall,val_accuracy,val_tp,val_fp,val_tn,val_fn,val_n,val_n_pos,elapsed_sec
1,0.7046552101771036,0.48055555555555557,0.4884149544985459,0.5263157894736842,0.35714285714285715,1.0,0.35714285714285715,10,18,0,0,28,10,27.234257221221924
2,0.7179848551750183,0.5333333333333333,0.5068789211591069,0.0,0.0,0.0,0.6428571428571429,0,0,18,10,28,10,26.985047101974487
3,0.7014005382855734,0.49444444444444446,0.4909914417654356,0.0,0.0,0.0,0.6428571428571429,0,0,18,10,28,10,26.951016664505005
4,0.6764943834507104,0.42222222222222217,0.4677225031889186,0.0,0.0,0.0,0.6428571428571429,0,0,18,10,28,10,26.975807428359985
5,0.6877983140222954,0.5166666666666666,0.5059849592010717,0.0,0.0,0.0,0.6428571428571429,0,0,18,10,28,10,26.98906636238098
