epoch,train_loss,val_auroc,val_ap,val_f1,val_precision,val_recall,val_accuracy,val_tp,val_fp,val_tn,val_fn,val_n,val_n_pos,elapsed_sec
1,0.6971872051556905,0.48888888888888893,0.4082806846937282,0.5405405405405406,0.37037037037037035,1.0,0.39285714285714285,10,17,1,0,28,10,2.7147724628448486
2,0.6860491302278307,0.6166666666666667,0.4345521869434913,0.0,0.0,0.0,0.6428571428571429,0,0,18,10,28,10,2.3741657733917236
3,0.6819471054606967,0.5833333333333334,0.4347186147186147,0.0,0.0,0.0,0.6428571428571429,0,0,18,10,28,10,2.358454942703247
4,0.6672233475579156,0.6499999999999999,0.4801773226773227,0.5294117647058824,0.375,0.9,0.42857142857142855,9,15,3,1,28,10,2.3920512199401855
5,0.6360595491197374,0.6000000000000001,0.48217893217893215,0.2857142857142857,0.5,0.2,0.6428571428571429,2,2,16,8,28,10,2.3805336952209473
6,0.5956556465890672,0.5111111111111111,0.45952214452214446,0.26666666666666666,0.4,0.2,0.6071428571428571,2,3,15,8,28,10,2.351390838623047
7,0.5377446777290769,0.5,0.4531181274442143,0.125,0.16666666666666666,0.1,0.5,1,5,13,9,28,10,2.376148223876953
