epoch,train_loss,val_auroc,val_ap,val_f1,val_precision,val_recall,val_accuracy,val_tp,val_fp,val_tn,val_fn,val_n,val_n_pos,elapsed_sec
1,0.699310839176178,0.4388888888888889,0.45534962219744834,0.0,0.0,0.0,0.6428571428571429,0,0,18,10,28,10,7.6124351024627686
2,0.7009327446713167,0.5111111111111111,0.39028345044649393,0.0,0.0,0.0,0.6428571428571429,0,0,18,10,28,10,7.275068759918213
3,0.6935050592702978,0.3833333333333333,0.3464354889749627,0.5263157894736842,0.35714285714285715,1.0,0.35714285714285715,10,18,0,0,28,10,7.271822452545166
4,0.6995069980621338,0.5333333333333333,0.39810814185814186,0.5263157894736842,0.35714285714285715,1.0,0.35714285714285715,10,18,0,0,28,10,7.270556688308716
5,0.6811030331779929,0.5083333333333333,0.4042775581906016,0.0,0.0,0.0,0.6071428571428571,0,1,17,10,28,10,7.276422500610352
6,0.6600041705019334,0.5,0.3968040293040293,0.5161290322580645,0.38095238095238093,0.8,0.4642857142857143,8,13,5,2,28,10,7.271359205245972
7,0.6043277207542869,0.5277777777777778,0.4619904732948211,0.45454545454545453,0.4166666666666667,0.5,0.5714285714285714,5,7,11,5,28,10,7.275468587875366
