epoch,train_loss,val_auroc,val_ap,val_f1,val_precision,val_recall,val_accuracy,val_tp,val_fp,val_tn,val_fn,val_n,val_n_pos,elapsed_sec
1,0.7138743996620178,0.46499999999999997,0.33306473220266325,0.47368421052631576,0.32142857142857145,0.9,0.3333333333333333,9,19,1,1,30,10,4.98329496383667
2,0.6822375820742713,0.495,0.3568939393939394,0.0,0.0,0.0,0.6666666666666666,0,0,20,10,30,10,4.6832873821258545
3,0.6548627416292826,0.6499999999999999,0.5036640211640212,0.5405405405405406,0.37037037037037035,1.0,0.43333333333333335,10,17,3,0,30,10,4.71642541885376
4,0.563180223107338,0.645,0.4509523809523809,0.5128205128205128,0.3448275862068966,1.0,0.36666666666666664,10,19,1,0,30,10,4.671194314956665
5,0.43402986807955635,0.625,0.4251604142983454,0.45454545454545453,0.4166666666666667,0.5,0.6,5,7,13,5,30,10,4.640218496322632
6,0.3259723525908258,0.56,0.3933359968856926,0.23529411764705882,0.2857142857142857,0.2,0.5666666666666667,2,5,15,8,30,10,4.672997951507568
