epoch,train_loss,val_auroc,val_ap,val_f1,val_precision,val_recall,val_accuracy,val_tp,val_fp,val_tn,val_fn,val_n,val_n_pos,elapsed_sec
1,0.698489828242196,0.31,0.2863474647957407,0.21428571428571427,0.16666666666666666,0.3,0.26666666666666666,3,15,5,7,30,10,5.107238292694092
2,0.6673447555965848,0.345,0.3200659393036888,0.375,0.2727272727272727,0.6,0.3333333333333333,6,16,4,4,30,10,4.665363311767578
3,0.6050744586520724,0.405,0.3671694090223502,0.4444444444444444,0.35294117647058826,0.6,0.5,6,11,9,4,30,10,4.683055400848389
4,0.4917801221211751,0.385,0.3321719946719946,0.4,0.3333333333333333,0.5,0.5,5,10,10,5,30,10,4.7080535888671875
5,0.3439729768368933,0.41999999999999993,0.373541958041958,0.46153846153846156,0.375,0.6,0.5333333333333333,6,10,10,4,30,10,4.753828525543213
6,0.2458175520102183,0.435,0.37982631700023,0.2,0.2,0.2,0.4666666666666667,2,8,12,8,30,10,4.797384262084961
7,0.14095422335796887,0.42000000000000004,0.37174358974358973,0.21052631578947367,0.2222222222222222,0.2,0.5,2,7,13,8,30,10,4.750645637512207
8,0.0925566525095039,0.4275,0.3480128205128205,0.23529411764705882,0.2857142857142857,0.2,0.5666666666666667,2,5,15,8,30,10,4.697594165802002
9,0.05696736110581292,0.42000000000000004,0.34263218390804595,0.23529411764705882,0.2857142857142857,0.2,0.5666666666666667,2,5,15,8,30,10,4.6760594844818115
