epoch,train_loss,val_auroc,val_ap,val_f1,val_precision,val_recall,val_accuracy,val_tp,val_fp,val_tn,val_fn,val_n,val_n_pos,elapsed_sec
1,0.6915081077151828,0.5800000000000001,0.39749278499278495,0.5161290322580645,0.38095238095238093,0.8,0.5,8,13,7,2,30,10,2.940918445587158
2,0.6960664060380723,0.73,0.5681780538302277,0.5294117647058824,0.375,0.9,0.4666666666666667,9,15,5,1,30,10,2.487649440765381
3,0.6787124143706428,0.575,0.4197426257952574,0.16666666666666666,0.5,0.1,0.6666666666666666,1,1,19,9,30,10,2.3911631107330322
4,0.6441734698083665,0.735,0.5832900432900433,0.631578947368421,0.6666666666666666,0.6,0.7666666666666667,6,3,17,4,30,10,2.452547073364258
5,0.5909264220131768,0.705,0.572948051948052,0.4444444444444444,0.5,0.4,0.6666666666666666,4,4,16,6,30,10,2.5518577098846436
6,0.5359926886028714,0.7100000000000001,0.563474025974026,0.64,0.5333333333333333,0.8,0.7,8,7,13,2,30,10,2.5108189582824707
7,0.4573337270153893,0.665,0.5117625272331154,0.375,0.5,0.3,0.6666666666666666,3,3,17,7,30,10,2.5200488567352295
