epoch,train_loss,val_auroc,val_ap,val_f1,val_precision,val_recall,val_accuracy,val_tp,val_fp,val_tn,val_fn,val_n,val_n_pos,elapsed_sec
1,0.671128205277703,0.6611111111111111,0.58367673992674,0.0,0.0,0.0,0.6428571428571429,0,0,18,10,28,10,110.45530962944031
2,0.6358943445551576,0.8111111111111111,0.6941269841269841,0.0,0.0,0.0,0.6428571428571429,0,0,18,10,28,10,110.5898060798645
3,0.5822410523665674,0.6388888888888888,0.6652144575485536,0.0,0.0,0.0,0.6428571428571429,0,0,18,10,28,10,110.59873700141907
4,0.5301218290502826,0.6833333333333333,0.6593073593073593,0.0,0.0,0.0,0.6428571428571429,0,0,18,10,28,10,110.5678346157074
5,0.42627313036020054,0.7333333333333333,0.6949783549783549,0.0,0.0,0.0,0.6428571428571429,0,0,18,10,28,10,110.67473244667053
