epoch,train_loss,val_auroc,val_ap,val_f1,val_precision,val_recall,val_accuracy,val_tp,val_fp,val_tn,val_fn,val_n,val_n_pos,elapsed_sec
1,0.679265961372595,0.42750000000000005,0.33526164233258055,0.0,0.0,0.0,0.6666666666666666,0,0,20,10,30,10,117.36010885238647
2,0.6333253713820478,0.6275,0.46071438064859116,0.0,0.0,0.0,0.6666666666666666,0,0,20,10,30,10,116.81854152679443
3,0.5742644184141708,0.6325000000000001,0.5391163003663004,0.0,0.0,0.0,0.6666666666666666,0,0,20,10,30,10,116.836252450943
4,0.47124058581727873,0.5900000000000001,0.5765205804479852,0.0,0.0,0.0,0.6666666666666666,0,0,20,10,30,10,116.73669981956482
5,0.27657839393229794,0.5275000000000001,0.5963926080305391,0.5333333333333333,0.8,0.4,0.7666666666666667,4,1,19,6,30,10,116.78340530395508
6,0.17290074421803084,0.4975,0.4765118961498272,0.3333333333333333,1.0,0.2,0.7333333333333333,2,0,20,8,30,10,116.99813795089722
