epoch,train_loss,val_auroc,val_ap,val_f1,val_precision,val_recall,val_accuracy,val_tp,val_fp,val_tn,val_fn,val_n,val_n_pos,elapsed_sec
1,0.6966423789660136,0.5444444444444445,0.4030424351476983,0.4166666666666667,0.35714285714285715,0.5,0.5,5,9,9,5,28,10,2.7046799659729004
2,0.6938063700993856,0.6166666666666667,0.4771342162596032,0.0,0.0,0.0,0.6428571428571429,0,0,18,10,28,10,2.3431313037872314
3,0.6782328022850884,0.6333333333333333,0.5168315018315018,0.0,0.0,0.0,0.6428571428571429,0,0,18,10,28,10,2.3753559589385986
4,0.6692320770687528,0.6499999999999999,0.5309090909090909,0.0,0.0,0.0,0.6428571428571429,0,0,18,10,28,10,2.3738489151000977
5,0.6385380095905728,0.6666666666666666,0.5255610617452723,0.14285714285714285,0.25,0.1,0.5714285714285714,1,3,15,9,28,10,2.3500165939331055
6,0.5896840757793851,0.6722222222222223,0.4625161388319283,0.56,0.4666666666666667,0.7,0.6071428571428571,7,8,10,3,28,10,2.364359140396118
7,0.5270994173155891,0.6666666666666667,0.48086048454469504,0.15384615384615385,0.3333333333333333,0.1,0.6071428571428571,1,2,16,9,28,10,2.360701560974121
8,0.47276333305570817,0.6555555555555556,0.46308270676691726,0.14285714285714285,0.25,0.1,0.5714285714285714,1,3,15,9,28,10,2.364027500152588
9,0.4226461814509498,0.6722222222222223,0.4940350877192982,0.14285714285714285,0.25,0.1,0.5714285714285714,1,3,15,9,28,10,2.3561410903930664
