epoch,train_loss,val_auroc,val_ap,val_f1,val_precision,val_recall,val_accuracy,val_tp,val_fp,val_tn,val_fn,val_n,val_n_pos,elapsed_sec
1,0.6483618507556843,0.6416666666666666,0.5608821070234113,0.0,0.0,0.0,0.6428571428571429,0,0,18,10,28,10,110.90080428123474
2,0.6226016886983857,0.538888888888889,0.5170852526573351,0.0,0.0,0.0,0.6428571428571429,0,0,18,10,28,10,110.7583498954773
3,0.5825861383116606,0.5111111111111111,0.5589659755449229,0.0,0.0,0.0,0.6428571428571429,0,0,18,10,28,10,110.43625330924988
4,0.47098623774945736,0.6388888888888888,0.6173454469507101,0.0,0.0,0.0,0.6428571428571429,0,0,18,10,28,10,110.16397762298584
