epoch,train_loss,val_auroc,val_ap,val_f1,val_precision,val_recall,val_accuracy,val_tp,val_fp,val_tn,val_fn,val_n,val_n_pos,elapsed_sec
1,0.7203150851385934,0.44999999999999996,0.35553282630682015,0.0,0.0,0.0,0.6333333333333333,0,1,19,10,30,10,28.378440856933594
2,0.6867031642368862,0.75,0.6594827586206897,0.0,0.0,0.0,0.6666666666666666,0,0,20,10,30,10,28.116183280944824
3,0.6958126774856023,0.7400000000000001,0.5624361259655377,0.0,0.0,0.0,0.6666666666666666,0,0,20,10,30,10,28.16816282272339
4,0.5556492405278343,0.79,0.6910212201591511,0.6666666666666666,0.5714285714285714,0.8,0.7333333333333333,8,6,14,2,30,10,27.988933324813843
5,0.387734012731484,0.78,0.6683333333333332,0.3076923076923077,0.6666666666666666,0.2,0.7,2,1,19,8,30,10,28.10393524169922
6,0.17702457165079458,0.7575000000000001,0.5313064713064712,0.15384615384615385,0.3333333333333333,0.1,0.6333333333333333,1,2,18,9,30,10,28.036975145339966
7,0.05783554512475218,0.665,0.468422035480859,0.15384615384615385,0.3333333333333333,0.1,0.6333333333333333,1,2,18,9,30,10,28.181919813156128
