epoch,train_loss,val_auroc,val_ap,val_f1,val_precision,val_recall,val_accuracy,val_tp,val_fp,val_tn,val_fn,val_n,val_n_pos,elapsed_sec
1,0.8320428299052375,0.325,0.2875559802516324,0.0,0.0,0.0,0.6666666666666666,0,0,20,10,30,10,28.315536975860596
2,0.7168877346175058,0.52,0.40702405002404995,0.0,0.0,0.0,0.6666666666666666,0,0,20,10,30,10,28.103625774383545
3,0.7194643608161382,0.53,0.4754120639812778,0.4444444444444444,0.35294117647058826,0.6,0.5,6,11,9,4,30,10,28.186814308166504
4,0.6084858340876443,0.595,0.43937327292590456,0.4444444444444444,0.35294117647058826,0.6,0.5,6,11,9,4,30,10,28.021982431411743
5,0.5010153868368694,0.475,0.33600596671417104,0.0,0.0,0.0,0.5,0,5,15,10,30,10,28.09173035621643
6,0.3124561939920698,0.6875,0.4866666666666667,0.0,0.0,0.0,0.6666666666666666,0,0,20,10,30,10,27.99248743057251
7,0.21837493383458684,0.5475,0.43975077210371327,0.0,0.0,0.0,0.6666666666666666,0,0,20,10,30,10,28.057891845703125
8,0.13398068435490132,0.4675,0.35032967032967033,0.26666666666666666,0.4,0.2,0.6333333333333333,2,3,17,8,30,10,28.18775773048401
9,0.11157550827733108,0.5275,0.37960180623973727,0.0,0.0,0.0,0.6666666666666666,0,0,20,10,30,10,27.997939109802246
