epoch,train_loss,val_auroc,val_ap,val_f1,val_precision,val_recall,val_accuracy,val_tp,val_fp,val_tn,val_fn,val_n,val_n_pos,elapsed_sec
1,0.6626344160600142,0.75,0.663249299719888,0.0,0.0,0.0,0.6428571428571429,0,0,18,10,28,10,110.76399493217468
2,0.6294087480866548,0.6861111111111111,0.6655555555555557,0.0,0.0,0.0,0.6428571428571429,0,0,18,10,28,10,110.4039409160614
3,0.5567827166029902,0.7333333333333334,0.7036072802326672,0.3333333333333333,1.0,0.2,0.7142857142857143,2,0,18,8,28,10,110.22534680366516
4,0.45498277684391447,0.6944444444444444,0.6011322011322011,0.18181818181818182,1.0,0.1,0.6785714285714286,1,0,18,9,28,10,110.30439352989197
