epoch,train_loss,val_auroc,val_ap,val_f1,val_precision,val_recall,val_accuracy,val_tp,val_fp,val_tn,val_fn,val_n,val_n_pos,elapsed_sec
1,0.6956902676158481,0.7075,0.5474694311536417,0.6153846153846154,0.5,0.8,0.6666666666666666,8,8,12,2,30,10,2.5002191066741943
2,0.682716429233551,0.625,0.5665053502660434,0.5142857142857142,0.36,0.9,0.43333333333333335,9,16,4,1,30,10,2.171144485473633
3,0.6604518559243944,0.715,0.6105494505494505,0.6428571428571429,0.5,0.9,0.6666666666666666,9,9,11,1,30,10,2.1889984607696533
4,0.645389179388682,0.7200000000000001,0.6109090909090908,0.2857142857142857,0.5,0.2,0.6666666666666666,2,2,18,8,30,10,2.186816692352295
5,0.5982394218444824,0.625,0.5486289252543123,0.35294117647058826,0.42857142857142855,0.3,0.6333333333333333,3,4,16,7,30,10,2.1992883682250977
6,0.55047916703754,0.6,0.44083740820582923,0.2857142857142857,0.5,0.2,0.6666666666666666,2,2,18,8,30,10,2.1723084449768066
7,0.485609276427163,0.5900000000000001,0.5130561698363556,0.23529411764705882,0.2857142857142857,0.2,0.5666666666666667,2,5,15,8,30,10,2.1917531490325928
