epoch,train_loss,val_auroc,val_ap,val_f1,val_precision,val_recall,val_accuracy,val_tp,val_fp,val_tn,val_fn,val_n,val_n_pos,elapsed_sec
1,0.7006327841016982,0.62,0.4140502604550592,0.0,0.0,0.0,0.6666666666666666,0,0,20,10,30,10,9.184447288513184
2,0.7040925655100081,0.5175000000000001,0.34676072846553396,0.0,0.0,0.0,0.6666666666666666,0,0,20,10,30,10,8.772314310073853
3,0.6897003650665283,0.47,0.35434438755259184,0.0,0.0,0.0,0.6666666666666666,0,0,20,10,30,10,8.763663291931152
4,0.6914531290531158,0.535,0.42768981749244905,0.0,0.0,0.0,0.6666666666666666,0,0,20,10,30,10,8.750976324081421
