epoch,train_loss,val_auroc,val_ap,val_f1,val_precision,val_recall,val_accuracy,val_tp,val_fp,val_tn,val_fn,val_n,val_n_pos,elapsed_sec
1,0.691192219654719,0.305,0.34702472969864273,0.0,0.0,0.0,0.6666666666666666,0,0,20,10,30,10,4.999769926071167
2,0.6932226932711072,0.6,0.6128333333333333,0.4444444444444444,0.3076923076923077,0.8,0.3333333333333333,8,18,2,2,30,10,4.611744403839111
3,0.6577551232443916,0.515,0.5140538302277433,0.4864864864864865,0.3333333333333333,0.9,0.36666666666666664,9,18,2,1,30,10,4.614153623580933
4,0.5695929163032107,0.635,0.6668168498168499,0.4666666666666667,0.35,0.7,0.4666666666666667,7,13,7,3,30,10,4.651154518127441
5,0.4758282212747468,0.69,0.6003535353535354,0.3076923076923077,0.6666666666666666,0.2,0.7,2,1,19,8,30,10,4.668950080871582
6,0.32246744136015576,0.63,0.6191851395730705,0.5882352941176471,0.7142857142857143,0.5,0.7666666666666667,5,2,18,5,30,10,4.646549463272095
7,0.23761974150935808,0.5974999999999999,0.5619597069597069,0.3076923076923077,0.6666666666666666,0.2,0.7,2,1,19,8,30,10,4.656372547149658
8,0.17451790099342665,0.625,0.5575824915824916,0.3333333333333333,0.375,0.3,0.6,3,5,15,7,30,10,4.670547246932983
