epoch,train_loss,val_auroc,val_ap,val_f1,val_precision,val_recall,val_accuracy,val_tp,val_fp,val_tn,val_fn,val_n,val_n_pos,elapsed_sec
1,0.692480656835768,0.5499999999999999,0.4342629784009094,0.42857142857142855,0.3333333333333333,0.6,0.4666666666666667,6,12,8,4,30,10,4.033831596374512
2,0.6412744157844119,0.6549999999999999,0.5955128205128205,0.5555555555555556,0.625,0.5,0.7333333333333333,5,3,17,5,30,10,3.6535820960998535
3,0.5922781891292996,0.52,0.464077480490524,0.18181818181818182,1.0,0.1,0.7,1,0,20,9,30,10,3.6720285415649414
4,0.5220880607763926,0.5875,0.5755267558528427,0.36363636363636365,0.3333333333333333,0.4,0.5333333333333333,4,8,12,6,30,10,3.6732146739959717
5,0.4622081087695228,0.565,0.4630952380952381,0.2857142857142857,0.5,0.2,0.6666666666666666,2,2,18,8,30,10,3.73563814163208
