epoch,train_loss,val_auroc,val_ap,val_f1,val_precision,val_recall,val_accuracy,val_tp,val_fp,val_tn,val_fn,val_n,val_n_pos,elapsed_sec
1,0.706578873536166,0.5444444444444445,0.3943924447249255,0.0,0.0,0.0,0.6428571428571429,0,0,18,10,28,10,4.092197895050049
2,0.6897184673477622,0.48611111111111116,0.5016179712100765,0.3076923076923077,0.6666666666666666,0.2,0.6785714285714286,2,1,17,8,28,10,3.6719748973846436
3,0.6579816131030812,0.688888888888889,0.6678239634761374,0.4,0.6,0.3,0.6785714285714286,3,2,16,7,28,10,3.7199838161468506
4,0.5390946970266455,0.5277777777777778,0.5917619047619047,0.0,0.0,0.0,0.6428571428571429,0,0,18,10,28,10,3.6578211784362793
5,0.4110388554194394,0.5083333333333333,0.5528750235271974,0.4,0.6,0.3,0.6785714285714286,3,2,16,7,28,10,3.691624879837036
6,0.30264148554381204,0.5666666666666667,0.5734021434660821,0.3333333333333333,0.2857142857142857,0.4,0.42857142857142855,4,10,8,6,28,10,3.6660287380218506
