epoch,train_loss,val_auroc,val_ap,val_f1,val_precision,val_recall,val_accuracy,val_tp,val_fp,val_tn,val_fn,val_n,val_n_pos,elapsed_sec
1,0.7415567687579564,0.6,0.6231882975412387,0.0,0.0,0.0,0.6666666666666666,0,0,20,10,30,10,28.325560569763184
2,0.7141394240515573,0.745,0.5427963702963703,0.6923076923076923,0.5625,0.9,0.7333333333333333,9,7,13,1,30,10,28.11248540878296
3,0.6587616869381496,0.5700000000000001,0.40384920634920635,0.15384615384615385,0.3333333333333333,0.1,0.6333333333333333,1,2,18,9,30,10,28.19200849533081
4,0.5704177388123104,0.5,0.34501787342344614,0.11764705882352941,0.14285714285714285,0.1,0.5,1,6,14,9,30,10,27.980766773223877
5,0.3687872863241604,0.5425,0.37894610835787307,0.0,0.0,0.0,0.6333333333333333,0,1,19,10,30,10,28.13908886909485
