epoch,train_loss,val_auroc,val_ap,val_f1,val_precision,val_recall,val_accuracy,val_tp,val_fp,val_tn,val_fn,val_n,val_n_pos,elapsed_sec
1,0.6933594213591682,0.3388888888888889,0.3051342761985177,0.0,0.0,0.0,0.6428571428571429,0,0,18,10,28,10,2.678847074508667
2,0.6881811486350166,0.29166666666666663,0.30083028083028085,0.0,0.0,0.0,0.6428571428571429,0,0,18,10,28,10,2.365046739578247
3,0.688661879963345,0.25,0.28838601554391025,0.1111111111111111,0.125,0.1,0.42857142857142855,1,7,11,9,28,10,2.3524169921875
4,0.6694432497024536,0.40555555555555556,0.3847526547526547,0.0,0.0,0.0,0.6428571428571429,0,0,18,10,28,10,2.3596484661102295
5,0.6640338434113396,0.3666666666666667,0.3272177822177822,0.0,0.0,0.0,0.6428571428571429,0,0,18,10,28,10,2.3632466793060303
6,0.6194131440586514,0.36111111111111116,0.3095833333333333,0.10526315789473684,0.1111111111111111,0.1,0.39285714285714285,1,8,10,9,28,10,2.3718819618225098
7,0.5825443532731798,0.36111111111111105,0.31092796092796093,0.0,0.0,0.0,0.5,0,4,14,10,28,10,2.3421034812927246
