epoch,train_loss,val_auroc,val_ap,val_f1,val_precision,val_recall,val_accuracy,val_tp,val_fp,val_tn,val_fn,val_n,val_n_pos,elapsed_sec
1,0.7292879749746883,0.8111111111111111,0.7993939393939393,0.0,0.0,0.0,0.6428571428571429,0,0,18,10,28,10,4.031687021255493
2,0.7009777707212111,0.7222222222222222,0.6505152741994847,0.5263157894736842,0.35714285714285715,1.0,0.35714285714285715,10,18,0,0,28,10,3.698103666305542
3,0.6793964189641616,0.7055555555555555,0.6162633689839572,0.5217391304347826,0.46153846153846156,0.6,0.6071428571428571,6,7,11,4,28,10,3.6912217140197754
4,0.586284388514126,0.6722222222222223,0.5830472795178678,0.26666666666666666,0.4,0.2,0.6071428571428571,2,3,15,8,28,10,3.714350461959839
