epoch,train_loss,val_auroc,val_ap,val_f1,val_precision,val_recall,val_accuracy,val_tp,val_fp,val_tn,val_fn,val_n,val_n_pos,elapsed_sec
1,0.7011582917637296,0.6611111111111111,0.5427097902097902,0.0,0.0,0.0,0.6428571428571429,0,0,18,10,28,10,2.690446376800537
2,0.6938218077023824,0.6888888888888889,0.5403030303030303,0.0,0.0,0.0,0.6428571428571429,0,0,18,10,28,10,2.350956439971924
3,0.669713020324707,0.6944444444444444,0.5270728291316527,0.5405405405405406,0.37037037037037035,1.0,0.39285714285714285,10,17,1,0,28,10,2.353665828704834
4,0.668496118651496,0.6555555555555556,0.48615384615384616,0.5625,0.4090909090909091,0.9,0.5,9,13,5,1,28,10,2.373340368270874
5,0.636512405342526,0.6388888888888888,0.48214285714285715,0.4,0.4,0.4,0.5714285714285714,4,6,12,6,28,10,2.3558413982391357
6,0.5944865014817979,0.6722222222222223,0.5051282051282052,0.6086956521739131,0.5384615384615384,0.7,0.6785714285714286,7,6,12,3,28,10,2.332552194595337
