epoch,train_loss,val_auroc,val_ap,val_f1,val_precision,val_recall,val_accuracy,val_tp,val_fp,val_tn,val_fn,val_n,val_n_pos,elapsed_sec
1,0.694944699605306,0.5138888888888888,0.46753919741535843,0.5161290322580645,0.38095238095238093,0.8,0.4642857142857143,8,13,5,2,28,10,2.694018602371216
2,0.6935603618621826,0.44722222222222224,0.35777879527879525,0.5405405405405406,0.37037037037037035,1.0,0.39285714285714285,10,17,1,0,28,10,2.3474204540252686
3,0.6754028068648444,0.46111111111111114,0.37534459194305747,0.5454545454545454,0.391304347826087,0.9,0.4642857142857143,9,14,4,1,28,10,2.3111040592193604
4,0.666746523645189,0.42777777777777776,0.35672657952069714,0.14285714285714285,0.25,0.1,0.5714285714285714,1,3,15,9,28,10,2.343881130218506
