epoch,train_loss,val_auroc,val_ap,val_f1,val_precision,val_recall,val_accuracy,val_tp,val_fp,val_tn,val_fn,val_n,val_n_pos,elapsed_sec
1,0.7020819452073839,0.42000000000000004,0.32371075284868384,0.5,0.3333333333333333,1.0,0.3333333333333333,10,20,0,0,30,10,3.7158689498901367
2,0.6922125683890449,0.405,0.3077450980392157,0.25,0.21428571428571427,0.3,0.4,3,11,9,7,30,10,3.408625364303589
3,0.6857344839307997,0.365,0.2939362294625452,0.5,0.3333333333333333,1.0,0.3333333333333333,10,20,0,0,30,10,3.359398603439331
4,0.665879593955146,0.355,0.297264425210364,0.3157894736842105,0.3333333333333333,0.3,0.5666666666666667,3,6,14,7,30,10,3.353292465209961
