epoch,train_loss,val_auroc,val_ap,val_f1,val_precision,val_recall,val_accuracy,val_tp,val_fp,val_tn,val_fn,val_n,val_n_pos,elapsed_sec
1,0.7014692624409994,0.675,0.46708458208458203,0.4,0.4,0.4,0.6,4,6,14,6,30,10,2.5009307861328125
2,0.6941475338406033,0.68,0.48312506665447835,0.0,0.0,0.0,0.6666666666666666,0,0,20,10,30,10,2.1799347400665283
3,0.6806574728753831,0.76,0.6325132275132275,0.6923076923076923,0.5625,0.9,0.7333333333333333,9,7,13,1,30,10,2.1888482570648193
4,0.6601540578736199,0.7274999999999999,0.544263255901187,0.15384615384615385,0.3333333333333333,0.1,0.6333333333333333,1,2,18,9,30,10,2.1874632835388184
5,0.619374672571818,0.8000000000000002,0.6717748917748917,0.72,0.6,0.9,0.7666666666666667,9,6,14,1,30,10,2.1875362396240234
6,0.5619751049412621,0.7550000000000001,0.6007647907647907,0.26666666666666666,0.4,0.2,0.6333333333333333,2,3,17,8,30,10,2.1874701976776123
7,0.49947811166445416,0.7500000000000001,0.5907647907647907,0.6956521739130435,0.6153846153846154,0.8,0.7666666666666667,8,5,15,2,30,10,2.17627215385437
8,0.44407593541675144,0.7350000000000001,0.5193506493506493,0.4444444444444444,0.5,0.4,0.6666666666666666,4,4,16,6,30,10,2.1797006130218506
