epoch,train_loss,val_auroc,val_ap,val_f1,val_precision,val_recall,val_accuracy,val_tp,val_fp,val_tn,val_fn,val_n,val_n_pos,elapsed_sec
1,0.6529088734294013,0.47250000000000003,0.4652272727272727,0.0,0.0,0.0,0.6666666666666666,0,0,20,10,30,10,119.86973929405212
2,0.6365109659034571,0.56,0.4225612009822536,0.0,0.0,0.0,0.6666666666666666,0,0,20,10,30,10,119.68429279327393
3,0.5984703919334378,0.6275,0.4902020202020202,0.0,0.0,0.0,0.6666666666666666,0,0,20,10,30,10,119.73385787010193
4,0.520212696449791,0.5,0.43665895508000774,0.0,0.0,0.0,0.6666666666666666,0,0,20,10,30,10,119.77330446243286
5,0.37931584089780024,0.505,0.45705533596837944,0.0,0.0,0.0,0.6666666666666666,0,0,20,10,30,10,119.62130331993103
6,0.23952871632072137,0.515,0.46762656641604006,0.15384615384615385,0.3333333333333333,0.1,0.6333333333333333,1,2,18,9,30,10,119.87685704231262
