epoch,train_loss,val_auroc,val_ap,val_f1,val_precision,val_recall,val_accuracy,val_tp,val_fp,val_tn,val_fn,val_n,val_n_pos,elapsed_sec
1,0.7196194960011376,0.5700000000000001,0.4502072002072001,0.42424242424242425,0.30434782608695654,0.7,0.36666666666666664,7,16,4,3,30,10,4.01906943321228
2,0.690801837378078,0.755,0.6718688718688719,0.0,0.0,0.0,0.6666666666666666,0,0,20,10,30,10,3.743389129638672
3,0.6193416151735518,0.7150000000000001,0.6717711274233013,0.5,0.6666666666666666,0.4,0.7333333333333333,4,2,18,6,30,10,3.7171761989593506
4,0.47520669798056286,0.7300000000000001,0.6137837652543534,0.0,0.0,0.0,0.6666666666666666,0,0,20,10,30,10,3.6846225261688232
5,0.3814557534125116,0.765,0.6888095238095238,0.0,0.0,0.0,0.6666666666666666,0,0,20,10,30,10,3.6901700496673584
6,0.2141321367687649,0.75,0.6527139037433155,0.5333333333333333,0.8,0.4,0.7666666666666667,4,1,19,6,30,10,3.7004923820495605
7,0.16156938754849964,0.765,0.6091575091575092,0.16666666666666666,0.5,0.1,0.6666666666666666,1,1,19,9,30,10,3.7521681785583496
8,0.08657823047704166,0.765,0.6189789377289379,0.0,0.0,0.0,0.6666666666666666,0,0,20,10,30,10,3.703871965408325
