epoch,train_loss,val_auroc,val_ap,val_f1,val_precision,val_recall,val_accuracy,val_tp,val_fp,val_tn,val_fn,val_n,val_n_pos,elapsed_sec
1,0.746760026046208,0.7224999999999999,0.6020585161964472,0.4864864864864865,0.3333333333333333,0.9,0.36666666666666664,9,18,2,1,30,10,28.282030820846558
2,0.7231373454843248,0.8,0.6938582251082251,0.7619047619047619,0.7272727272727273,0.8,0.8333333333333334,8,3,17,2,30,10,28.079583644866943
3,0.61818739260946,0.7200000000000001,0.5465476190476191,0.6,0.45,0.9,0.6,9,11,9,1,30,10,28.132930278778076
4,0.5636432528495788,0.585,0.40639097118107614,0.0,0.0,0.0,0.6333333333333333,0,1,19,10,30,10,27.98681139945984
5,0.36257559140878065,0.65,0.46712015109073934,0.0,0.0,0.0,0.5666666666666667,0,3,17,10,30,10,28.115506887435913
