epoch,train_loss,val_auroc,val_ap,val_f1,val_precision,val_recall,val_accuracy,val_tp,val_fp,val_tn,val_fn,val_n,val_n_pos,elapsed_sec
1,0.703125751680798,0.705,0.5087435761119972,0.5454545454545454,0.391304347826087,0.9,0.5,9,14,6,1,30,10,4.007656574249268
2,0.6269649912913641,0.4049999999999999,0.3191005889535301,0.0,0.0,0.0,0.6666666666666666,0,0,20,10,30,10,3.6827008724212646
3,0.6353072871764501,0.465,0.3313540796435533,0.45161290322580644,0.3333333333333333,0.7,0.43333333333333335,7,14,6,3,30,10,3.722391366958618
4,0.5137023412519031,0.465,0.33345938375350137,0.2222222222222222,0.25,0.2,0.5333333333333333,2,6,14,8,30,10,3.714935302734375
