epoch,train_loss,val_auroc,val_ap,val_f1,val_precision,val_recall,val_accuracy,val_tp,val_fp,val_tn,val_fn,val_n,val_n_pos,elapsed_sec
1,0.6938312782181634,0.5166666666666667,0.4323266006514088,0.0,0.0,0.0,0.6428571428571429,0,0,18,10,28,10,2.7094547748565674
2,0.6923496590720283,0.5666666666666667,0.5916071428571428,0.18181818181818182,1.0,0.1,0.6785714285714286,1,0,18,9,28,10,2.3424532413482666
3,0.6803716752264235,0.5305555555555556,0.5681216931216931,0.0,0.0,0.0,0.6428571428571429,0,0,18,10,28,10,2.36529541015625
4,0.6609094341595968,0.3916666666666667,0.45384470601861904,0.18181818181818182,1.0,0.1,0.6785714285714286,1,0,18,9,28,10,2.364733934402466
5,0.5976098312271966,0.3777777777777777,0.428507326007326,0.35294117647058826,0.42857142857142855,0.3,0.6071428571428571,3,4,14,7,28,10,2.363863229751587
