epoch,train_loss,val_auroc,val_ap,val_f1,val_precision,val_recall,val_accuracy,val_tp,val_fp,val_tn,val_fn,val_n,val_n_pos,elapsed_sec
1,0.682581338951056,0.5475,0.3762083568605307,0.0,0.0,0.0,0.6666666666666666,0,0,20,10,30,10,116.2292959690094
2,0.6350349220547745,0.645,0.4683088235294118,0.0,0.0,0.0,0.6666666666666666,0,0,20,10,30,10,116.10572147369385
3,0.5724799460697946,0.675,0.5883289124668435,0.0,0.0,0.0,0.6666666666666666,0,0,20,10,30,10,115.71547269821167
4,0.46323768791856523,0.55,0.5147999826260696,0.3333333333333333,1.0,0.2,0.7333333333333333,2,0,20,8,30,10,115.82361626625061
5,0.36289262625542906,0.5225,0.4938840191248913,0.3076923076923077,0.6666666666666666,0.2,0.7,2,1,19,8,30,10,115.55339884757996
6,0.21497516017139173,0.4575,0.3257274420065509,0.0,0.0,0.0,0.6333333333333333,0,1,19,10,30,10,115.56014513969421
