epoch,train_loss,val_auroc,val_ap,val_f1,val_precision,val_recall,val_accuracy,val_tp,val_fp,val_tn,val_fn,val_n,val_n_pos,elapsed_sec
1,0.7123324730817009,0.43888888888888883,0.4018271221532091,0.5263157894736842,0.35714285714285715,1.0,0.35714285714285715,10,18,0,0,28,10,4.109527111053467
2,0.6860445843023413,0.43333333333333335,0.3742627099148838,0.0,0.0,0.0,0.6428571428571429,0,0,18,10,28,10,3.664203643798828
3,0.6694185313056497,0.44722222222222224,0.41736003470214,0.4166666666666667,0.35714285714285715,0.5,0.5,5,9,9,5,28,10,3.7233004570007324
4,0.6384798148099113,0.7055555555555555,0.5621794871794872,0.0,0.0,0.0,0.6428571428571429,0,0,18,10,28,10,3.717859983444214
5,0.5366191951667562,0.5222222222222223,0.41537545787545793,0.14285714285714285,0.25,0.1,0.5714285714285714,1,3,15,9,28,10,3.7245335578918457
6,0.3906237886232488,0.5888888888888889,0.4308981758981758,0.0,0.0,0.0,0.6071428571428571,0,1,17,10,28,10,3.7339096069335938
7,0.3195226911236258,0.5222222222222223,0.39339957800484116,0.36363636363636365,0.3333333333333333,0.4,0.5,4,8,10,6,28,10,3.719367742538452
