epoch,train_loss,val_auroc,val_ap,val_f1,val_precision,val_recall,val_accuracy,val_tp,val_fp,val_tn,val_fn,val_n,val_n_pos,elapsed_sec
1,0.7030192052616793,0.4666666666666667,0.3568127524649264,0.0,0.0,0.0,0.6428571428571429,0,0,18,10,28,10,7.650855302810669
2,0.6913233013714061,0.5027777777777778,0.3877812284334023,0.0,0.0,0.0,0.6428571428571429,0,0,18,10,28,10,7.270230293273926
3,0.7016475025345298,0.6333333333333333,0.4879166666666667,0.0,0.0,0.0,0.6428571428571429,0,0,18,10,28,10,7.265008926391602
4,0.693346339113572,0.6388888888888888,0.5203269537480064,0.0,0.0,0.0,0.6428571428571429,0,0,18,10,28,10,7.243474960327148
5,0.6951282760676216,0.7222222222222222,0.5551065162907268,0.3076923076923077,0.6666666666666666,0.2,0.6785714285714286,2,1,17,8,28,10,7.246054172515869
6,0.6472527226980995,0.6388888888888888,0.49922305764411024,0.0,0.0,0.0,0.6428571428571429,0,0,18,10,28,10,7.2376086711883545
7,0.6131406216060414,0.65,0.5725475249388292,0.16666666666666666,0.5,0.1,0.6428571428571429,1,1,17,9,28,10,7.240899324417114
8,0.5463894342674929,0.5722222222222222,0.423815307499518,0.6,0.45,0.9,0.5714285714285714,9,11,7,1,28,10,7.225449323654175
