epoch,train_loss,val_auroc,val_ap,val_f1,val_precision,val_recall,val_accuracy,val_tp,val_fp,val_tn,val_fn,val_n,val_n_pos,elapsed_sec
1,0.6782121207002255,0.3825,0.2951533028163463,0.0,0.0,0.0,0.6666666666666666,0,0,20,10,30,10,119.8051552772522
2,0.6213326207596621,0.69,0.6208240778829014,0.0,0.0,0.0,0.6666666666666666,0,0,20,10,30,10,119.43044829368591
3,0.6010742211352578,0.78,0.7123901098901099,0.0,0.0,0.0,0.6666666666666666,0,0,20,10,30,10,119.56310772895813
4,0.5434183944954718,0.635,0.5264467169111132,0.0,0.0,0.0,0.6666666666666666,0,0,20,10,30,10,119.36167812347412
5,0.4235014339520348,0.72,0.5531114718614718,0.0,0.0,0.0,0.6666666666666666,0,0,20,10,30,10,119.34447884559631
6,0.2999790134109396,0.74,0.5970588235294118,0.0,0.0,0.0,0.6666666666666666,0,0,20,10,30,10,119.61838030815125
