epoch,train_loss,val_auroc,val_ap,val_f1,val_precision,val_recall,val_accuracy,val_tp,val_fp,val_tn,val_fn,val_n,val_n_pos,elapsed_sec
1,0.6447640913639138,0.57,0.37497683602946763,0.0,0.0,0.0,0.6666666666666666,0,0,20,10,30,10,115.88174200057983
2,0.6308654443823176,0.5025000000000001,0.36441378066378066,0.0,0.0,0.0,0.6666666666666666,0,0,20,10,30,10,115.64904117584229
3,0.6265161780359076,0.5900000000000001,0.4857264957264957,0.0,0.0,0.0,0.6666666666666666,0,0,20,10,30,10,115.273264169693
4,0.5126622386759133,0.485,0.34517415917415917,0.0,0.0,0.0,0.6666666666666666,0,0,20,10,30,10,115.34281063079834
5,0.41426423711956833,0.65,0.6062437912964228,0.0,0.0,0.0,0.6666666666666666,0,0,20,10,30,10,115.36738657951355
6,0.3104646473506586,0.635,0.600985994397759,0.18181818181818182,1.0,0.1,0.7,1,0,20,9,30,10,115.68031573295593
7,0.20462181985967878,0.465,0.4004626825989055,0.18181818181818182,1.0,0.1,0.7,1,0,20,9,30,10,115.68017768859863
8,0.2088612482092417,0.4575,0.4001340191248913,0.18181818181818182,1.0,0.1,0.7,1,0,20,9,30,10,115.58708357810974
