epoch,train_loss,val_auroc,val_ap,val_f1,val_precision,val_recall,val_accuracy,val_tp,val_fp,val_tn,val_fn,val_n,val_n_pos,elapsed_sec
1,0.7165036797523499,0.5125,0.5518002358838272,0.42105263157894735,0.2857142857142857,0.8,0.26666666666666666,8,20,0,2,30,10,4.998453140258789
2,0.695566197236379,0.5575,0.5794733101021133,0.47619047619047616,0.45454545454545453,0.5,0.6333333333333333,5,6,14,5,30,10,4.676166534423828
3,0.6736133562193977,0.535,0.5087481259370314,0.0,0.0,0.0,0.6666666666666666,0,0,20,10,30,10,4.637759447097778
4,0.670682258076138,0.5049999999999999,0.4512651821862348,0.35294117647058826,0.42857142857142855,0.3,0.6333333333333333,3,4,16,7,30,10,4.671180725097656
5,0.5589033083783256,0.545,0.45534391534391533,0.0,0.0,0.0,0.6666666666666666,0,0,20,10,30,10,4.672895193099976
