epoch,train_loss,val_auroc,val_ap,val_f1,val_precision,val_recall,val_accuracy,val_tp,val_fp,val_tn,val_fn,val_n,val_n_pos,elapsed_sec
1,0.6269118607901841,0.425,0.30678210678210677,0.0,0.0,0.0,0.6666666666666666,0,0,20,10,30,10,116.29889678955078
2,0.65923955018143,0.535,0.5861813186813187,0.0,0.0,0.0,0.6666666666666666,0,0,20,10,30,10,115.86519980430603
3,0.5970310409077637,0.7075,0.5268482242395285,0.0,0.0,0.0,0.6666666666666666,0,0,20,10,30,10,115.92379808425903
4,0.5556044779557119,0.815,0.7430074816487859,0.0,0.0,0.0,0.6666666666666666,0,0,20,10,30,10,115.79494261741638
5,0.4338454928436725,0.6475,0.5449911354555317,0.0,0.0,0.0,0.6666666666666666,0,0,20,10,30,10,115.89038729667664
6,0.3263822646288992,0.6525,0.6329116463172191,0.3333333333333333,1.0,0.2,0.7333333333333333,2,0,20,8,30,10,115.8537347316742
7,0.20503359648445957,0.6,0.5344463869463869,0.3333333333333333,1.0,0.2,0.7333333333333333,2,0,20,8,30,10,116.04362773895264
