epoch,train_loss,val_auroc,val_ap,val_f1,val_precision,val_recall,val_accuracy,val_tp,val_fp,val_tn,val_fn,val_n,val_n_pos,elapsed_sec
1,0.7063932187027402,0.4675,0.3535736677115987,0.0,0.0,0.0,0.6666666666666666,0,0,20,10,30,10,9.21053147315979
2,0.7000368535518646,0.49,0.3387012987012987,0.0,0.0,0.0,0.6666666666666666,0,0,20,10,30,10,8.8526771068573
3,0.6979638702339597,0.5125000000000001,0.3509654456908462,0.0,0.0,0.0,0.6666666666666666,0,0,20,10,30,10,8.814663887023926
4,0.6817446682188246,0.5800000000000001,0.3992094017094018,0.0,0.0,0.0,0.5666666666666667,0,3,17,10,30,10,8.834627866744995
5,0.5897083597050773,0.675,0.4600621448218702,0.56,0.4666666666666667,0.7,0.6333333333333333,7,8,12,3,30,10,8.825081586837769
6,0.37267550826072693,0.5650000000000001,0.3779135538316706,0.0,0.0,0.0,0.5333333333333333,0,4,16,10,30,10,8.845434665679932
7,0.15831244612733522,0.5650000000000001,0.40251748251748254,0.23529411764705882,0.2857142857142857,0.2,0.5666666666666667,2,5,15,8,30,10,8.850213289260864
8,0.0561683245210184,0.6000000000000001,0.4190116032917891,0.25,0.3333333333333333,0.2,0.6,2,4,16,8,30,10,8.839749336242676
