epoch,train_loss,val_auroc,val_ap,val_f1,val_precision,val_recall,val_accuracy,val_tp,val_fp,val_tn,val_fn,val_n,val_n_pos,elapsed_sec
1,0.6970415843857659,0.615,0.5553950216450216,0.47058823529411764,0.3333333333333333,0.8,0.4,8,16,4,2,30,10,3.682926654815674
2,0.6892570455869039,0.505,0.37041889483065954,0.5,0.3333333333333333,1.0,0.3333333333333333,10,20,0,0,30,10,3.329570770263672
3,0.67530357837677,0.49749999999999994,0.40225659960954074,0.43478260869565216,0.38461538461538464,0.5,0.5666666666666667,5,8,12,5,30,10,3.3254141807556152
4,0.6778762340545654,0.5399999999999999,0.4849802371541502,0.0,0.0,0.0,0.6666666666666666,0,0,20,10,30,10,3.343339204788208
