epoch,train_loss,val_auroc,val_ap,val_f1,val_precision,val_recall,val_accuracy,val_tp,val_fp,val_tn,val_fn,val_n,val_n_pos,elapsed_sec
1,0.6934777188933257,0.6583333333333333,0.5821626984126984,0.0,0.0,0.0,0.6428571428571429,0,0,18,10,28,10,111.08715105056763
2,0.6392663407957915,0.5972222222222222,0.43184343434343436,0.0,0.0,0.0,0.6428571428571429,0,0,18,10,28,10,111.27697658538818
3,0.5807817433819626,0.5722222222222222,0.4914629706677761,0.0,0.0,0.0,0.6428571428571429,0,0,18,10,28,10,110.36155867576599
4,0.5357649111555833,0.5944444444444444,0.5597461898565681,0.0,0.0,0.0,0.6428571428571429,0,0,18,10,28,10,110.14366030693054
