epoch,train_loss,val_auroc,val_ap,val_f1,val_precision,val_recall,val_accuracy,val_tp,val_fp,val_tn,val_fn,val_n,val_n_pos,elapsed_sec
1,0.692610502243042,0.47777777777777786,0.38672964113181507,0.0,0.0,0.0,0.6428571428571429,0,0,18,10,28,10,2.6860454082489014
2,0.6911351548300849,0.4222222222222222,0.3413302277432712,0.0,0.0,0.0,0.6428571428571429,0,0,18,10,28,10,2.3274879455566406
3,0.6733730567826165,0.3722222222222222,0.3104238816738817,0.0,0.0,0.0,0.6428571428571429,0,0,18,10,28,10,2.330385208129883
4,0.6642582284079658,0.4833333333333333,0.3711066874302168,0.0,0.0,0.0,0.5,0,4,14,10,28,10,2.3354923725128174
5,0.645499606927236,0.5083333333333333,0.3729763292263292,0.5185185185185185,0.4117647058823529,0.7,0.5357142857142857,7,10,8,3,28,10,2.341338634490967
6,0.5532696512010362,0.4666666666666667,0.3483754208754209,0.0,0.0,0.0,0.5357142857142857,0,3,15,10,28,10,2.3262932300567627
7,0.4975382619433933,0.5055555555555555,0.383430579082753,0.0,0.0,0.0,0.5357142857142857,0,3,15,10,28,10,2.357389450073242
8,0.45483238167232937,0.5083333333333333,0.40724998685525005,0.2857142857142857,0.5,0.2,0.6428571428571429,2,2,16,8,28,10,2.34405255317688
