epoch,train_loss,val_auroc,val_ap,val_f1,val_precision,val_recall,val_accuracy,val_tp,val_fp,val_tn,val_fn,val_n,val_n_pos,elapsed_sec
1,0.6792646959531221,0.3450000000000001,0.2889000518537723,0.0,0.0,0.0,0.6666666666666666,0,0,20,10,30,10,118.27872705459595
2,0.6186821919014985,0.5775,0.4444089390142022,0.0,0.0,0.0,0.6666666666666666,0,0,20,10,30,10,118.09151911735535
3,0.562602336994178,0.385,0.32109102002004813,0.0,0.0,0.0,0.6666666666666666,0,0,20,10,30,10,117.95246529579163
4,0.4624291891835148,0.49,0.3719131652661064,0.0,0.0,0.0,0.6666666666666666,0,0,20,10,30,10,118.06312608718872
5,0.2784712152595786,0.6799999999999999,0.5502810779484207,0.0,0.0,0.0,0.6666666666666666,0,0,20,10,30,10,118.35877990722656
6,0.14479689303410354,0.6125,0.4429713423831071,0.0,0.0,0.0,0.6666666666666666,0,0,20,10,30,10,118.22007918357849
7,0.03091636611477023,0.585,0.4102988215488216,0.0,0.0,0.0,0.6666666666666666,0,0,20,10,30,10,118.30300784111023
8,0.006051626419079015,0.5625,0.40924812030075186,0.0,0.0,0.0,0.6666666666666666,0,0,20,10,30,10,118.48957777023315
