epoch,train_loss,val_auroc,val_ap,val_f1,val_precision,val_recall,val_accuracy,val_tp,val_fp,val_tn,val_fn,val_n,val_n_pos,elapsed_sec
1,0.7092345084462847,0.545,0.5941318814277072,0.5128205128205128,0.3448275862068966,1.0,0.36666666666666664,10,19,1,0,30,10,28.404542446136475
2,0.6972198843955993,0.46499999999999997,0.44606412411509855,0.0,0.0,0.0,0.6666666666666666,0,0,20,10,30,10,28.247891902923584
3,0.767087595803397,0.51,0.37463722191121573,0.0,0.0,0.0,0.6666666666666666,0,0,20,10,30,10,28.05657458305359
4,0.6955151915550232,0.5800000000000001,0.4071778711484594,0.0,0.0,0.0,0.6666666666666666,0,0,20,10,30,10,27.9494206905365
5,0.6226366366658892,0.4925,0.3967925876805187,0.42105263157894735,0.4444444444444444,0.4,0.6333333333333333,4,5,15,6,30,10,28.136558294296265
6,0.4822278095143182,0.495,0.3835425876805187,0.38095238095238093,0.36363636363636365,0.4,0.5666666666666667,4,7,13,6,30,10,28.051705598831177
7,0.3197241546852248,0.425,0.37329891204130555,0.3333333333333333,0.375,0.3,0.6,3,5,15,7,30,10,28.194849014282227
