epoch,train_loss,val_auroc,val_ap,val_f1,val_precision,val_recall,val_accuracy,val_tp,val_fp,val_tn,val_fn,val_n,val_n_pos,elapsed_sec
1,0.704387109914272,0.505,0.3883155743556793,0.0,0.0,0.0,0.6666666666666666,0,0,20,10,30,10,116.28055500984192
2,0.6422800926103008,0.5325,0.34963078238821943,0.0,0.0,0.0,0.6666666666666666,0,0,20,10,30,10,116.02857756614685
3,0.6313381414833686,0.46499999999999997,0.3417084601134944,0.0,0.0,0.0,0.6666666666666666,0,0,20,10,30,10,116.01005935668945
4,0.6518622952506696,0.6525,0.5598575498575499,0.0,0.0,0.0,0.6666666666666666,0,0,20,10,30,10,115.98233222961426
5,0.6197476084712598,0.6375000000000001,0.4645954045954046,0.0,0.0,0.0,0.6666666666666666,0,0,20,10,30,10,115.65014553070068
6,0.6029689256771863,0.66,0.5523459383753502,0.0,0.0,0.0,0.6666666666666666,0,0,20,10,30,10,115.64048075675964
7,0.5791621631909188,0.645,0.5123750323750323,0.0,0.0,0.0,0.6666666666666666,0,0,20,10,30,10,115.44824361801147
8,0.5427648098402315,0.55,0.4038780663780664,0.0,0.0,0.0,0.6666666666666666,0,0,20,10,30,10,115.65873861312866
9,0.5263119611701519,0.545,0.38627899877899874,0.0,0.0,0.0,0.6666666666666666,0,0,20,10,30,10,115.60144138336182
