epoch,train_loss,val_auroc,val_ap,val_f1,val_precision,val_recall,val_accuracy,val_tp,val_fp,val_tn,val_fn,val_n,val_n_pos,elapsed_sec
1,0.6973438964170569,0.5194444444444445,0.5025757575757576,0.5263157894736842,0.35714285714285715,1.0,0.35714285714285715,10,18,0,0,28,10,7.628260850906372
2,0.6956997654017281,0.4944444444444444,0.5161235061235061,0.0,0.0,0.0,0.6428571428571429,0,0,18,10,28,10,7.316266775131226
3,0.6974500557955574,0.4861111111111111,0.49124579124579126,0.0,0.0,0.0,0.6428571428571429,0,0,18,10,28,10,7.295733690261841
4,0.6906173053909751,0.4666666666666667,0.4567067736185383,0.0,0.0,0.0,0.6428571428571429,0,0,18,10,28,10,7.2994701862335205
