epoch,train_loss,val_auroc,val_ap,val_f1,val_precision,val_recall,val_accuracy,val_tp,val_fp,val_tn,val_fn,val_n,val_n_pos,elapsed_sec
1,0.6803651264671123,0.7277777777777777,0.6876190476190476,0.0,0.0,0.0,0.6428571428571429,0,0,18,10,28,10,111.77887272834778
2,0.6550693812243866,0.961111111111111,0.9269230769230768,0.0,0.0,0.0,0.6428571428571429,0,0,18,10,28,10,111.50515460968018
3,0.6394780765880238,0.8666666666666667,0.8112978524743231,0.0,0.0,0.0,0.6428571428571429,0,0,18,10,28,10,111.61495923995972
4,0.6299357100418119,0.9472222222222223,0.8897619047619046,0.0,0.0,0.0,0.6428571428571429,0,0,18,10,28,10,111.35724306106567
5,0.634947887875817,0.8944444444444445,0.8088644688644688,0.0,0.0,0.0,0.6428571428571429,0,0,18,10,28,10,111.59423089027405
