epoch,train_loss,val_auroc,val_ap,val_f1,val_precision,val_recall,val_accuracy,val_tp,val_fp,val_tn,val_fn,val_n,val_n_pos,elapsed_sec
1,0.6981262299749587,0.6775000000000001,0.5664985994397759,0.6,0.45,0.9,0.6,9,11,9,1,30,10,2.4853880405426025
2,0.6858522891998291,0.6,0.5046031746031746,0.3333333333333333,0.2857142857142857,0.4,0.4666666666666667,4,10,10,6,30,10,2.1825268268585205
3,0.6644132402208116,0.72,0.5294139194139194,0.15384615384615385,0.3333333333333333,0.1,0.6333333333333333,1,2,18,9,30,10,2.1614363193511963
4,0.6428005430433485,0.7250000000000001,0.5278821178821178,0.4,0.6,0.3,0.7,3,2,18,7,30,10,2.165346384048462
5,0.582549383242925,0.6900000000000001,0.4928571428571428,0.4,0.6,0.3,0.7,3,2,18,7,30,10,2.2023849487304688
6,0.5321204430527158,0.705,0.49448468198468193,0.2857142857142857,0.5,0.2,0.6666666666666666,2,2,18,8,30,10,2.1880314350128174
7,0.4798209634092119,0.71,0.5190208810797046,0.2857142857142857,0.5,0.2,0.6666666666666666,2,2,18,8,30,10,2.198413610458374
