epoch,train_loss,val_auroc,val_ap,val_f1,val_precision,val_recall,val_accuracy,val_tp,val_fp,val_tn,val_fn,val_n,val_n_pos,elapsed_sec
1,0.6939828991889954,0.47777777777777775,0.44793829359046755,0.0,0.0,0.0,0.6428571428571429,0,0,18,10,28,10,2.699676513671875
2,0.6897645327779982,0.5666666666666667,0.5312032085561497,0.0,0.0,0.0,0.6428571428571429,0,0,18,10,28,10,2.35459303855896
3,0.6797512173652649,0.525,0.5197138047138047,0.26666666666666666,0.4,0.2,0.6071428571428571,2,3,15,8,28,10,2.345151901245117
4,0.6772893998357985,0.5055555555555555,0.46839105339105336,0.4166666666666667,0.35714285714285715,0.5,0.5,5,9,9,5,28,10,2.3747782707214355
5,0.6521866454018487,0.5472222222222223,0.4885342897842898,0.15384615384615385,0.3333333333333333,0.1,0.6071428571428571,1,2,16,9,28,10,2.3426196575164795
