epoch,train_loss,val_auroc,val_ap,val_f1,val_precision,val_recall,val_accuracy,val_tp,val_fp,val_tn,val_fn,val_n,val_n_pos,elapsed_sec
1,0.6715799231323407,0.4425,0.32689729225023345,0.0,0.0,0.0,0.6666666666666666,0,0,20,10,30,10,117.64185571670532
2,0.6083071021724948,0.605,0.5593160358160358,0.0,0.0,0.0,0.6666666666666666,0,0,20,10,30,10,118.1408634185791
3,0.5037270971714592,0.57,0.5486606726606726,0.0,0.0,0.0,0.6666666666666666,0,0,20,10,30,10,117.26353049278259
4,0.3393247320765643,0.685,0.6454718812842384,0.3076923076923077,0.6666666666666666,0.2,0.7,2,1,19,8,30,10,117.01556158065796
5,0.27047883165102427,0.575,0.55992002734108,0.0,0.0,0.0,0.6666666666666666,0,0,20,10,30,10,116.96559381484985
6,0.22269708727546733,0.45999999999999996,0.35707017120810225,0.0,0.0,0.0,0.6666666666666666,0,0,20,10,30,10,117.02395391464233
7,0.15852410658497176,0.6175,0.6047100313479624,0.3076923076923077,0.6666666666666666,0.2,0.7,2,1,19,8,30,10,117.24237632751465
