epoch,train_loss,val_auroc,val_ap,val_f1,val_precision,val_recall,val_accuracy,val_tp,val_fp,val_tn,val_fn,val_n,val_n_pos,elapsed_sec
1,0.7212381379944938,0.375,0.2986852499352499,0.0,0.0,0.0,0.6666666666666666,0,0,20,10,30,10,30.09187150001526
2,0.6803032355649131,0.345,0.28152733446339584,0.0,0.0,0.0,0.6333333333333333,0,1,19,10,30,10,30.100122928619385
3,0.6765822044440678,0.39999999999999997,0.3023220363020726,0.4166666666666667,0.35714285714285715,0.5,0.5333333333333333,5,9,11,5,30,10,29.927818059921265
4,0.46533128661768774,0.46499999999999997,0.3347100313479624,0.41379310344827586,0.3157894736842105,0.6,0.43333333333333335,6,13,7,4,30,10,29.848403930664062
5,0.266887720142092,0.49000000000000005,0.3517694981969029,0.47619047619047616,0.45454545454545453,0.5,0.6333333333333333,5,6,14,5,30,10,30.10246253013611
6,0.15831178767340523,0.5,0.3434780578898226,0.13333333333333333,0.2,0.1,0.5666666666666667,1,4,16,9,30,10,29.876582145690918
7,0.13625939754503114,0.2975,0.26529451078677085,0.0,0.0,0.0,0.5,0,5,15,10,30,10,29.922295331954956
8,0.01560441683312612,0.365,0.30327855477855475,0.0,0.0,0.0,0.6,0,2,18,10,30,10,29.949241638183594
9,0.004432786924631468,0.49750000000000005,0.34707132173663613,0.0,0.0,0.0,0.5333333333333333,0,4,16,10,30,10,29.804799795150757
