epoch,train_loss,val_auroc,val_ap,val_f1,val_precision,val_recall,val_accuracy,val_tp,val_fp,val_tn,val_fn,val_n,val_n_pos,elapsed_sec
1,0.6830545910399595,0.3400000000000001,0.31001757629343835,0.0,0.0,0.0,0.6666666666666666,0,0,20,10,30,10,117.48612999916077
2,0.6216006634904326,0.44,0.3404372294372294,0.0,0.0,0.0,0.6666666666666666,0,0,20,10,30,10,117.21376466751099
3,0.5714370386420394,0.43999999999999995,0.45717042513381184,0.0,0.0,0.0,0.6666666666666666,0,0,20,10,30,10,116.97901821136475
4,0.4712572254026108,0.645,0.680077480490524,0.0,0.0,0.0,0.6666666666666666,0,0,20,10,30,10,117.15368032455444
5,0.41775513215915117,0.625,0.659496336996337,0.5714285714285714,1.0,0.4,0.8,4,0,20,6,30,10,117.32962107658386
6,0.2534871353305501,0.5175,0.35156112406112405,0.0,0.0,0.0,0.6666666666666666,0,0,20,10,30,10,117.19313597679138
7,0.19271490952710238,0.6,0.6153112116641528,0.5333333333333333,0.8,0.4,0.7666666666666667,4,1,19,6,30,10,117.0739233493805
