epoch,train_loss,val_auroc,val_ap,val_f1,val_precision,val_recall,val_accuracy,val_tp,val_fp,val_tn,val_fn,val_n,val_n_pos,elapsed_sec
1,0.7836367760385786,0.27499999999999997,0.2636764069264069,0.5,0.3333333333333333,1.0,0.3333333333333333,10,20,0,0,30,10,30.05604076385498
2,0.7012451001576014,0.27499999999999997,0.2588806748806749,0.19047619047619047,0.18181818181818182,0.2,0.43333333333333335,2,9,11,8,30,10,30.14757013320923
3,0.6966162187712533,0.315,0.26982431457431455,0.18181818181818182,0.16666666666666666,0.2,0.4,2,10,10,8,30,10,29.863218307495117
4,0.5124264959778104,0.35000000000000003,0.2868709230878015,0.0,0.0,0.0,0.5666666666666667,0,3,17,10,30,10,29.836475133895874
5,0.37289400505168097,0.3025,0.2670399188517629,0.18181818181818182,0.16666666666666666,0.2,0.4,2,10,10,8,30,10,30.01865863800049
6,0.32154471916811805,0.3,0.26682122949514253,0.18181818181818182,0.16666666666666666,0.2,0.4,2,10,10,8,30,10,29.792767763137817
7,0.2393984977688108,0.2875,0.26700667753299334,0.0,0.0,0.0,0.5,0,5,15,10,30,10,29.864445686340332
