epoch,train_loss,val_auroc,val_ap,val_f1,val_precision,val_recall,val_accuracy,val_tp,val_fp,val_tn,val_fn,val_n,val_n_pos,elapsed_sec
1,0.7047390727435842,0.5972222222222222,0.4182317682317683,0.0,0.0,0.0,0.6428571428571429,0,0,18,10,28,10,4.0416100025177
2,0.7023115158081055,0.3166666666666667,0.37036651944546684,0.10526315789473684,0.1111111111111111,0.1,0.39285714285714285,1,8,10,9,28,10,3.6510026454925537
3,0.6853139663443846,0.75,0.5989273226773226,0.0,0.0,0.0,0.6428571428571429,0,0,18,10,28,10,3.6842706203460693
4,0.6634781535933999,0.5833333333333334,0.42046208693267517,0.5294117647058824,0.375,0.9,0.42857142857142855,9,15,3,1,28,10,3.7004382610321045
5,0.6443736658376806,0.5222222222222223,0.38152144424203244,0.5142857142857142,0.36,0.9,0.39285714285714285,9,16,2,1,28,10,3.701094388961792
6,0.5252834944164052,0.5333333333333333,0.4059597809597809,0.0,0.0,0.0,0.5,0,4,14,10,28,10,3.6764333248138428
