epoch,train_loss,val_auroc,val_ap,val_f1,val_precision,val_recall,val_accuracy,val_tp,val_fp,val_tn,val_fn,val_n,val_n_pos,elapsed_sec
1,0.6917274769614724,0.5555555555555556,0.4326050420168067,0.5263157894736842,0.35714285714285715,1.0,0.35714285714285715,10,18,0,0,28,10,7.667655944824219
2,0.7040398366311017,0.36111111111111116,0.34153701371092676,0.0,0.0,0.0,0.6428571428571429,0,0,18,10,28,10,7.286231756210327
3,0.7163483500480652,0.6055555555555555,0.5465440115440116,0.5263157894736842,0.35714285714285715,1.0,0.35714285714285715,10,18,0,0,28,10,7.273085355758667
4,0.7080317735671997,0.46111111111111114,0.45616443701226306,0.5405405405405406,0.37037037037037035,1.0,0.39285714285714285,10,17,1,0,28,10,7.2955100536346436
5,0.6995138981763054,0.5166666666666666,0.497493588283062,0.0,0.0,0.0,0.6428571428571429,0,0,18,10,28,10,7.266249656677246
6,0.6800724162774927,0.5111111111111111,0.5052272727272727,0.0,0.0,0.0,0.6428571428571429,0,0,18,10,28,10,7.247665882110596
