epoch,train_loss,val_auroc,val_ap,val_f1,val_precision,val_recall,val_accuracy,val_tp,val_fp,val_tn,val_fn,val_n,val_n_pos,elapsed_sec
1,0.7269664456446966,0.61,0.466886446886447,0.5925925925925926,0.47058823529411764,0.8,0.6333333333333333,8,9,11,2,30,10,4.049471139907837
2,0.6373423172367944,0.55,0.39283537125642387,0.15384615384615385,0.3333333333333333,0.1,0.6333333333333333,1,2,18,9,30,10,3.6427130699157715
3,0.502394331826104,0.6,0.43787037037037035,0.5,0.42857142857142855,0.6,0.6,6,8,12,4,30,10,3.664421558380127
4,0.31636153906583786,0.6225,0.46433614207933627,0.5263157894736842,0.5555555555555556,0.5,0.7,5,4,16,5,30,10,3.6763107776641846
5,0.17162255404724014,0.665,0.5476196172248804,0.5454545454545454,0.5,0.6,0.6666666666666666,6,6,14,4,30,10,3.686105728149414
6,0.09615456043846077,0.58,0.5337962962962962,0.631578947368421,0.6666666666666666,0.6,0.7666666666666667,6,3,17,4,30,10,3.67319917678833
7,0.058932212388349905,0.5875,0.4822069597069597,0.631578947368421,0.6666666666666666,0.6,0.7666666666666667,6,3,17,4,30,10,3.7189323902130127
8,0.026507161557674408,0.6275,0.5245703933747412,0.5555555555555556,0.625,0.5,0.7333333333333333,5,3,17,5,30,10,3.686983346939087
