epoch,train_loss,val_auroc,val_ap,val_f1,val_precision,val_recall,val_accuracy,val_tp,val_fp,val_tn,val_fn,val_n,val_n_pos,elapsed_sec
1,0.6980261339081658,0.36000000000000004,0.28955394804365053,0.3870967741935484,0.2857142857142857,0.6,0.36666666666666664,6,15,5,4,30,10,5.006918430328369
2,0.6848660508791605,0.3625,0.2949694146433277,0.2608695652173913,0.23076923076923078,0.3,0.43333333333333335,3,10,10,7,30,10,4.632346868515015
3,0.662352979183197,0.38749999999999996,0.3149360902255639,0.38461538461538464,0.3125,0.5,0.4666666666666667,5,11,9,5,30,10,4.661659240722656
4,0.57440461549494,0.51,0.35865985648338583,0.13333333333333333,0.2,0.1,0.5666666666666667,1,4,16,9,30,10,4.688404560089111
5,0.47975926597913104,0.5900000000000001,0.43211829659399986,0.26666666666666666,0.4,0.2,0.6333333333333333,2,3,17,8,30,10,4.675760746002197
6,0.36946559449036914,0.5,0.46693528693528696,0.4166666666666667,0.35714285714285715,0.5,0.5333333333333333,5,9,11,5,30,10,4.659788370132446
7,0.21707991510629654,0.52,0.4600396825396825,0.26666666666666666,0.4,0.2,0.6333333333333333,2,3,17,8,30,10,4.667129039764404
8,0.17384072434571055,0.52,0.4551066824887151,0.23529411764705882,0.2857142857142857,0.2,0.5666666666666667,2,5,15,8,30,10,4.656164169311523
