epoch,train_loss,val_auroc,val_ap,val_f1,val_precision,val_recall,val_accuracy,val_tp,val_fp,val_tn,val_fn,val_n,val_n_pos,elapsed_sec
1,0.7036120957798428,0.49,0.33581941525069803,0.5,0.3333333333333333,1.0,0.3333333333333333,10,20,0,0,30,10,9.26397156715393
2,0.7096614109145271,0.515,0.3491672800883327,0.0,0.0,0.0,0.6666666666666666,0,0,20,10,30,10,8.9457266330719
3,0.6808100243409475,0.605,0.4040628815628816,0.0,0.0,0.0,0.6666666666666666,0,0,20,10,30,10,8.872530221939087
4,0.6885418891906738,0.6100000000000001,0.40959064327485384,0.6206896551724138,0.47368421052631576,0.9,0.6333333333333333,9,10,10,1,30,10,8.899210691452026
5,0.6580960849920908,0.69,0.5311718398560503,0.6206896551724138,0.47368421052631576,0.9,0.6333333333333333,9,10,10,1,30,10,8.865508317947388
6,0.576677218079567,0.54,0.38201839826839823,0.3,0.3,0.3,0.5333333333333333,3,7,13,7,30,10,8.841957807540894
7,0.4535193335678842,0.5125,0.36169276801629735,0.26666666666666666,0.4,0.2,0.6333333333333333,2,3,17,8,30,10,8.852211713790894
8,0.2504403707053926,0.51,0.3773055489062191,0.23529411764705882,0.2857142857142857,0.2,0.5666666666666667,2,5,15,8,30,10,8.869869947433472
