epoch,train_loss,val_auroc,val_ap,val_f1,val_precision,val_recall,val_accuracy,val_tp,val_fp,val_tn,val_fn,val_n,val_n_pos,elapsed_sec
1,0.7006192538473341,0.21999999999999997,0.2612510175010175,0.0,0.0,0.0,0.6333333333333333,0,1,19,10,30,10,3.7013916969299316
2,0.6986317303445604,0.2625,0.35831341001619643,0.0,0.0,0.0,0.6666666666666666,0,0,20,10,30,10,3.3386616706848145
3,0.6879681481255425,0.22999999999999998,0.262162410858063,0.17391304347826086,0.15384615384615385,0.2,0.36666666666666664,2,11,9,8,30,10,3.3204009532928467
4,0.6757010883755155,0.19,0.24405047850700026,0.0,0.0,0.0,0.6666666666666666,0,0,20,10,30,10,3.3369174003601074
5,0.6482435729768541,0.255,0.25545482295482297,0.0,0.0,0.0,0.4666666666666667,0,6,14,10,30,10,3.33199143409729
