epoch,train_loss,val_auroc,val_ap,val_f1,val_precision,val_recall,val_accuracy,val_tp,val_fp,val_tn,val_fn,val_n,val_n_pos,elapsed_sec
1,0.7080913745995724,0.29444444444444445,0.2891986531986532,0.0,0.0,0.0,0.6428571428571429,0,0,18,10,28,10,27.302701711654663
2,0.69482339331598,0.6027777777777777,0.45925459072517893,0.4,0.6,0.3,0.6785714285714286,3,2,16,7,28,10,27.139610528945923
3,0.6956384940580889,0.6555555555555556,0.6048319327731092,0.42857142857142855,0.75,0.3,0.7142857142857143,3,1,17,7,28,10,26.889503479003906
4,0.6485435113762364,0.5222222222222223,0.5427164502164502,0.0,0.0,0.0,0.6428571428571429,0,0,18,10,28,10,26.965665340423584
5,0.5772662524021033,0.47777777777777775,0.43365145819093187,0.0,0.0,0.0,0.6428571428571429,0,0,18,10,28,10,27.02568292617798
6,0.4124139475099968,0.49444444444444446,0.43129862700228827,0.14285714285714285,0.25,0.1,0.5714285714285714,1,3,15,9,28,10,26.936204195022583
