epoch,train_loss,val_auroc,val_ap,val_f1,val_precision,val_recall,val_accuracy,val_tp,val_fp,val_tn,val_fn,val_n,val_n_pos,elapsed_sec
1,0.6886089689591351,0.37777777777777777,0.3171607378129117,0.0,0.0,0.0,0.6428571428571429,0,0,18,10,28,10,4.028383016586304
2,0.6981395167462966,0.18333333333333338,0.2694205794205794,0.5263157894736842,0.35714285714285715,1.0,0.35714285714285715,10,18,0,0,28,10,3.665841817855835
3,0.6815738818224739,0.5277777777777777,0.45680656956400667,0.0,0.0,0.0,0.6428571428571429,0,0,18,10,28,10,3.6888833045959473
4,0.674123227596283,0.4777777777777778,0.35871684424517913,0.5263157894736842,0.35714285714285715,1.0,0.35714285714285715,10,18,0,0,28,10,3.6853926181793213
5,0.6558097881429336,0.3388888888888889,0.3124186091686092,0.2,0.2,0.2,0.42857142857142855,2,8,10,8,28,10,3.64447021484375
6,0.6035828783231623,0.23333333333333334,0.2735848018137021,0.35294117647058826,0.25,0.6,0.21428571428571427,6,18,0,4,28,10,3.6876542568206787
