epoch,train_loss,val_auroc,val_ap,val_f1,val_precision,val_recall,val_accuracy,val_tp,val_fp,val_tn,val_fn,val_n,val_n_pos,elapsed_sec
1,0.6957960658603244,0.6950000000000001,0.5170005280760429,0.56,0.4666666666666667,0.7,0.6333333333333333,7,8,12,3,30,10,2.0206947326660156
2,0.7009180221292708,0.6375,0.45283994299474173,0.56,0.4666666666666667,0.7,0.6333333333333333,7,8,12,3,30,10,1.686920166015625
3,0.6811874608198801,0.615,0.43358585858585863,0.5294117647058824,0.375,0.9,0.4666666666666667,9,15,5,1,30,10,1.696774959564209
4,0.7140341136190627,0.545,0.3992735042735043,0.15384615384615385,0.3333333333333333,0.1,0.6333333333333333,1,2,18,9,30,10,1.693681001663208
5,0.7329804003238678,0.6,0.5176636500754147,0.42424242424242425,0.30434782608695654,0.7,0.36666666666666664,7,16,4,3,30,10,1.701775312423706
6,0.7011575268374549,0.6400000000000001,0.4559558316080055,0.5263157894736842,0.5555555555555556,0.5,0.7,5,4,16,5,30,10,1.7330200672149658
