epoch,train_loss,val_auroc,val_ap,val_f1,val_precision,val_recall,val_accuracy,val_tp,val_fp,val_tn,val_fn,val_n,val_n_pos,elapsed_sec
1,0.6889402551187885,0.365,0.29874060222635934,0.0,0.0,0.0,0.6666666666666666,0,0,20,10,30,10,117.70352053642273
2,0.6404001787840892,0.37000000000000005,0.29776824506407085,0.0,0.0,0.0,0.6666666666666666,0,0,20,10,30,10,117.27428579330444
3,0.5742011883919188,0.5700000000000001,0.5833203654582966,0.0,0.0,0.0,0.6666666666666666,0,0,20,10,30,10,117.08571648597717
4,0.5065162706074955,0.5599999999999999,0.5021969696969697,0.0,0.0,0.0,0.6666666666666666,0,0,20,10,30,10,117.20132565498352
5,0.3634964114845657,0.455,0.45355701769494877,0.0,0.0,0.0,0.6666666666666666,0,0,20,10,30,10,117.17230868339539
6,0.2754670295783942,0.47000000000000003,0.4666362504597799,0.2857142857142857,0.5,0.2,0.6666666666666666,2,2,18,8,30,10,117.45178961753845
