epoch,train_loss,val_auroc,val_ap,val_f1,val_precision,val_recall,val_accuracy,val_tp,val_fp,val_tn,val_fn,val_n,val_n_pos,elapsed_sec
1,0.7036709851688809,0.595,0.42704030501089324,0.0,0.0,0.0,0.6666666666666666,0,0,20,10,30,10,7.571428537368774
2,0.7038477294974856,0.6675,0.5454420144126026,0.0,0.0,0.0,0.6666666666666666,0,0,20,10,30,10,7.198197364807129
3,0.6890028417110443,0.75,0.7085303776683087,0.0,0.0,0.0,0.6666666666666666,0,0,20,10,30,10,7.187424182891846
4,0.657045410739051,0.6950000000000001,0.5966040100250627,0.42857142857142855,0.3333333333333333,0.6,0.4666666666666667,6,12,8,4,30,10,7.187071084976196
5,0.5829842289288839,0.755,0.7573418841220698,0.5217391304347826,0.46153846153846156,0.6,0.6333333333333333,6,7,13,4,30,10,7.1702187061309814
6,0.558704742954837,0.655,0.6111981156098802,0.3076923076923077,0.6666666666666666,0.2,0.7,2,1,19,8,30,10,7.1977057456970215
7,0.36195053574111724,0.6475,0.5333361420793362,0.16666666666666666,0.5,0.1,0.6666666666666666,1,1,19,9,30,10,7.190431833267212
8,0.26254396099183297,0.645,0.5346685340802988,0.5263157894736842,0.5555555555555556,0.5,0.7,5,4,16,5,30,10,7.174854755401611
