epoch,train_loss,val_auroc,val_ap,val_f1,val_precision,val_recall,val_accuracy,val_tp,val_fp,val_tn,val_fn,val_n,val_n_pos,elapsed_sec
1,0.7070042596143835,0.34444444444444444,0.42906128958760537,0.35294117647058826,0.42857142857142855,0.3,0.6071428571428571,3,4,14,7,28,10,4.0885844230651855
2,0.7074708658106187,0.5166666666666666,0.5184848484848484,0.36363636363636365,0.3333333333333333,0.4,0.5,4,8,10,6,28,10,3.7168538570404053
3,0.6926712253514458,0.5638888888888889,0.5446240034475329,0.3333333333333333,1.0,0.2,0.7142857142857143,2,0,18,8,28,10,3.699091911315918
4,0.679453944458681,0.4444444444444444,0.538592367671315,0.46153846153846156,1.0,0.3,0.75,3,0,18,7,28,10,3.7187304496765137
5,0.6620580273516038,0.46111111111111114,0.5003166248955723,0.3333333333333333,1.0,0.2,0.7142857142857143,2,0,18,8,28,10,3.783712148666382
6,0.6287073720903957,0.5555555555555556,0.5732801701222754,0.3333333333333333,1.0,0.2,0.7142857142857143,2,0,18,8,28,10,3.9710214138031006
