model,condition,selected_prompt,parse_rate,n_total,n_valid,AUROC,PR_AUC,Precision,Recall,F1
llama::llama3:70b,qa_text,evasion,1.0,29,29,0.5808080808080809,0.4216300940438871,0.3333333333333333,0.2727272727272727,0.3
llama::llama3:70b,scripted_text,section_aware,1.0,29,29,0.6111111111111112,0.47718564959944265,0.4444444444444444,0.7272727272727273,0.5517241379310345
