epoch,train_loss,val_auroc,val_ap,val_f1,val_precision,val_recall,val_accuracy,val_tp,val_fp,val_tn,val_fn,val_n,val_n_pos,elapsed_sec
1,0.7053070699467379,0.6277777777777778,0.5666150670794634,0.5,0.3888888888888889,0.7,0.5,7,11,7,3,28,10,7.62736439704895
2,0.6997717829311595,0.5944444444444444,0.5659111721611721,0.0,0.0,0.0,0.6428571428571429,0,0,18,10,28,10,7.304491281509399
3,0.693627837826224,0.6833333333333333,0.6222943722943722,0.0,0.0,0.0,0.6428571428571429,0,0,18,10,28,10,7.272830009460449
4,0.6890374667504254,0.6555555555555554,0.5879305477131563,0.0,0.0,0.0,0.6428571428571429,0,0,18,10,28,10,7.279820442199707
5,0.6789177165311926,0.5833333333333333,0.5390338164251207,0.0,0.0,0.0,0.6428571428571429,0,0,18,10,28,10,7.2635338306427
6,0.6720270409303553,0.5861111111111111,0.44103174603174605,0.375,0.5,0.3,0.6428571428571429,3,3,15,7,28,10,7.256972312927246
