epoch,train_loss,val_auroc,val_ap,val_f1,val_precision,val_recall,val_accuracy,val_tp,val_fp,val_tn,val_fn,val_n,val_n_pos,elapsed_sec
1,0.6588652991562438,0.62,0.4240064175590491,0.0,0.0,0.0,0.6666666666666666,0,0,20,10,30,10,118.16344332695007
2,0.6449231983517572,0.6725,0.5473126437832321,0.0,0.0,0.0,0.6666666666666666,0,0,20,10,30,10,118.78785920143127
3,0.5972949782078215,0.7100000000000001,0.6451122561648878,0.0,0.0,0.0,0.6666666666666666,0,0,20,10,30,10,118.94014644622803
4,0.5082277365618473,0.7025,0.5686309523809524,0.0,0.0,0.0,0.6666666666666666,0,0,20,10,30,10,118.97733855247498
5,0.40588841919633123,0.7,0.6444655587582885,0.46153846153846156,1.0,0.3,0.7666666666666667,3,0,20,7,30,10,118.98719811439514
6,0.27604176999210456,0.6699999999999999,0.6333973244470201,0.42857142857142855,0.75,0.3,0.7333333333333333,3,1,19,7,30,10,119.21950936317444
