epoch,train_loss,val_auroc,val_ap,val_f1,val_precision,val_recall,val_accuracy,val_tp,val_fp,val_tn,val_fn,val_n,val_n_pos,elapsed_sec
1,0.7008508163339952,0.44722222222222224,0.35501780626780627,0.0,0.0,0.0,0.6428571428571429,0,0,18,10,28,10,7.668012857437134
2,0.706077936817618,0.55,0.543792328042328,0.0,0.0,0.0,0.6428571428571429,0,0,18,10,28,10,7.311485767364502
3,0.6862985702121959,0.5805555555555555,0.4853431372549019,0.5263157894736842,0.35714285714285715,1.0,0.35714285714285715,10,18,0,0,28,10,7.2756781578063965
4,0.6873164176940918,0.5111111111111111,0.4620372984503419,0.3076923076923077,0.6666666666666666,0.2,0.6785714285714286,2,1,17,8,28,10,7.295311450958252
5,0.7101614895988914,0.49444444444444446,0.3975396825396825,0.47058823529411764,0.3333333333333333,0.8,0.35714285714285715,8,16,2,2,28,10,7.293070554733276
6,0.6574092332054587,0.47777777777777775,0.3827922077922078,0.0,0.0,0.0,0.6428571428571429,0,0,18,10,28,10,7.2740559577941895
