epoch,train_loss,val_auroc,val_ap,val_f1,val_precision,val_recall,val_accuracy,val_tp,val_fp,val_tn,val_fn,val_n,val_n_pos,elapsed_sec
1,0.7013937456267221,0.5825,0.488317260542661,0.0,0.0,0.0,0.6333333333333333,0,1,19,10,30,10,28.35196566581726
2,0.6683556165013994,0.61,0.48369320737741794,0.16666666666666666,0.5,0.1,0.6666666666666666,1,1,19,9,30,10,28.23788046836853
3,0.7590003537280219,0.56,0.3761978082769158,0.0,0.0,0.0,0.6666666666666666,0,0,20,10,30,10,28.192242860794067
4,0.697809636592865,0.57,0.45017221622191195,0.5,0.34615384615384615,0.9,0.4,9,17,3,1,30,10,28.042423963546753
5,0.690787535905838,0.5075000000000001,0.35091475724885335,0.0,0.0,0.0,0.5333333333333333,0,4,16,10,30,10,28.126464366912842
