epoch,train_loss,val_auroc,val_ap,val_f1,val_precision,val_recall,val_accuracy,val_tp,val_fp,val_tn,val_fn,val_n,val_n_pos,elapsed_sec
1,0.7010594649280576,0.6224999999999999,0.45235357779475427,0.0,0.0,0.0,0.6666666666666666,0,0,20,10,30,10,117.47754144668579
2,0.610302383951146,0.675,0.568254688445251,0.0,0.0,0.0,0.6666666666666666,0,0,20,10,30,10,117.0945074558258
3,0.5224258086020998,0.6425,0.5455082417582418,0.0,0.0,0.0,0.6666666666666666,0,0,20,10,30,10,117.16334176063538
4,0.40673652631666163,0.5249999999999999,0.4966776030986558,0.0,0.0,0.0,0.6666666666666666,0,0,20,10,30,10,116.92846298217773
5,0.2804394179968525,0.4175,0.33657133734719946,0.0,0.0,0.0,0.5666666666666667,0,3,17,10,30,10,117.01047945022583
