epoch,train_loss,val_auroc,val_ap,val_f1,val_precision,val_recall,val_accuracy,val_tp,val_fp,val_tn,val_fn,val_n,val_n_pos,elapsed_sec
1,0.7115367019877714,0.525,0.47529220779220777,0.5263157894736842,0.35714285714285715,1.0,0.35714285714285715,10,18,0,0,28,10,7.605621576309204
2,0.6943361583878013,0.4111111111111111,0.340080971659919,0.0,0.0,0.0,0.6428571428571429,0,0,18,10,28,10,7.280357122421265
3,0.6865485065123614,0.46111111111111114,0.3775034965034965,0.5555555555555556,0.38461538461538464,1.0,0.42857142857142855,10,16,2,0,28,10,7.269326210021973
4,0.6874496936798096,0.5055555555555555,0.4028321678321678,0.5263157894736842,0.35714285714285715,1.0,0.35714285714285715,10,18,0,0,28,10,7.2747790813446045
