epoch,train_loss,val_auroc,val_ap,val_f1,val_precision,val_recall,val_accuracy,val_tp,val_fp,val_tn,val_fn,val_n,val_n_pos,elapsed_sec
1,0.7042121688524882,0.5700000000000001,0.5441022392938869,0.5142857142857142,0.36,0.9,0.43333333333333335,9,16,4,1,30,10,4.0320422649383545
2,0.6951823929945627,0.46,0.3448174812305247,0.5,0.34615384615384615,0.9,0.4,9,17,3,1,30,10,3.6704070568084717
3,0.6603413157992892,0.645,0.4798490982701509,0.4444444444444444,0.5,0.4,0.6666666666666666,4,4,16,6,30,10,3.6721975803375244
4,0.6267084495888816,0.695,0.5576883116883118,0.5263157894736842,0.5555555555555556,0.5,0.7,5,4,16,5,30,10,3.6812002658843994
5,0.49754366278648376,0.7375,0.5501788680667992,0.16666666666666666,0.5,0.1,0.6666666666666666,1,1,19,9,30,10,3.704315662384033
6,0.3974171289139324,0.68,0.5465811965811965,0.16666666666666666,0.5,0.1,0.6666666666666666,1,1,19,9,30,10,3.6875925064086914
7,0.2689152169558737,0.7150000000000001,0.5019949494949495,0.26666666666666666,0.4,0.2,0.6333333333333333,2,3,17,8,30,10,3.685696601867676
8,0.19537565526035097,0.68,0.47834322540204893,0.15384615384615385,0.3333333333333333,0.1,0.6333333333333333,1,2,18,9,30,10,3.7378785610198975
