epoch,train_loss,val_auroc,val_ap,val_f1,val_precision,val_recall,val_accuracy,val_tp,val_fp,val_tn,val_fn,val_n,val_n_pos,elapsed_sec
1,0.7005425360467699,0.455,0.33023512029410396,0.37037037037037035,0.29411764705882354,0.5,0.43333333333333335,5,12,8,5,30,10,2.495239496231079
2,0.6871052583058676,0.575,0.3971858076563959,0.5,0.36363636363636365,0.8,0.4666666666666667,8,14,6,2,30,10,2.180698871612549
3,0.6738997432920668,0.68,0.5206018062397373,0.47058823529411764,0.5714285714285714,0.4,0.7,4,3,17,6,30,10,2.1702940464019775
4,0.6508186923133003,0.715,0.5320834912214223,0.5714285714285714,0.5454545454545454,0.6,0.7,6,5,15,4,30,10,2.1889116764068604
5,0.6125737229983012,0.7050000000000001,0.5283100424479734,0.6666666666666666,0.5714285714285714,0.8,0.7333333333333333,8,6,14,2,30,10,2.185678005218506
6,0.5591640075047811,0.645,0.47700922266139656,0.5217391304347826,0.46153846153846156,0.6,0.6333333333333333,6,7,13,4,30,10,2.1576247215270996
7,0.5056951873832278,0.6699999999999999,0.4795837687216997,0.5714285714285714,0.5454545454545454,0.6,0.7,6,5,15,4,30,10,2.1714272499084473
