epoch,train_loss,val_auroc,val_ap,val_f1,val_precision,val_recall,val_accuracy,val_tp,val_fp,val_tn,val_fn,val_n,val_n_pos,elapsed_sec
1,0.7273696793450249,0.735,0.6854761904761905,0.5142857142857142,0.36,0.9,0.43333333333333335,9,16,4,1,30,10,4.042069911956787
2,0.6526562604639266,0.8225,0.8221520146520147,0.46153846153846156,1.0,0.3,0.7666666666666667,3,0,20,7,30,10,3.701063871383667
3,0.545410170323319,0.41250000000000003,0.4694155844155844,0.0,0.0,0.0,0.6666666666666666,0,0,20,10,30,10,3.7077298164367676
4,0.3686186720927556,0.49,0.52303081232493,0.18181818181818182,1.0,0.1,0.7,1,0,20,9,30,10,3.70345139503479
5,0.283280180560218,0.6175,0.597310524773264,0.42857142857142855,0.75,0.3,0.7333333333333333,3,1,19,7,30,10,3.6741323471069336
