epoch,train_loss,val_auroc,val_ap,val_f1,val_precision,val_recall,val_accuracy,val_tp,val_fp,val_tn,val_fn,val_n,val_n_pos,elapsed_sec
1,0.6902201904190911,0.43000000000000005,0.32302777263211907,0.5,0.36363636363636365,0.8,0.4666666666666667,8,14,6,2,30,10,2.5161094665527344
2,0.6781807144482931,0.565,0.4002463549522373,0.2857142857142857,0.2727272727272727,0.3,0.5,3,8,12,7,30,10,2.1763086318969727
3,0.6533503399954902,0.5800000000000001,0.40093837535014004,0.38095238095238093,0.36363636363636365,0.4,0.5666666666666667,4,7,13,6,30,10,2.1609950065612793
4,0.6016467346085442,0.625,0.4590301003344482,0.42105263157894735,0.4444444444444444,0.4,0.6333333333333333,4,5,15,6,30,10,2.154858350753784
5,0.5257849660184648,0.495,0.3734920634920635,0.15384615384615385,0.3333333333333333,0.1,0.6333333333333333,1,2,18,9,30,10,2.192530393600464
6,0.4585293730099996,0.65,0.4903442028985507,0.47058823529411764,0.5714285714285714,0.4,0.7,4,3,17,6,30,10,2.171722888946533
7,0.36792753471268547,0.61,0.4627114190157668,0.4,0.6,0.3,0.7,3,2,18,7,30,10,2.170173406600952
8,0.3102601137426164,0.625,0.47270396270396264,0.4,0.6,0.3,0.7,3,2,18,7,30,10,2.188598155975342
9,0.263085491127438,0.65,0.4822624743677375,0.4,0.6,0.3,0.7,3,2,18,7,30,10,2.1876628398895264
