epoch,train_loss,val_auroc,val_ap,val_f1,val_precision,val_recall,val_accuracy,val_tp,val_fp,val_tn,val_fn,val_n,val_n_pos,elapsed_sec
1,0.6346788523775159,0.6722222222222223,0.5791525195936961,0.0,0.0,0.0,0.6428571428571429,0,0,18,10,28,10,112.07001304626465
2,0.6162245042734977,0.7916666666666666,0.7259523809523809,0.0,0.0,0.0,0.6428571428571429,0,0,18,10,28,10,112.48670244216919
3,0.5488853347346638,0.5055555555555555,0.5077413541624067,0.0,0.0,0.0,0.6428571428571429,0,0,18,10,28,10,112.82672667503357
4,0.4651712014932524,0.7777777777777778,0.678095238095238,0.0,0.0,0.0,0.6428571428571429,0,0,18,10,28,10,112.73275709152222
5,0.33725936795500194,0.7666666666666666,0.7107142857142857,0.16666666666666666,0.5,0.1,0.6428571428571429,1,1,17,9,28,10,112.95254778862
