epoch,train_loss,val_auroc,val_ap,val_f1,val_precision,val_recall,val_accuracy,val_tp,val_fp,val_tn,val_fn,val_n,val_n_pos,elapsed_sec
1,0.6812041276557879,0.7777777777777778,0.8177564102564102,0.0,0.0,0.0,0.6428571428571429,0,0,18,10,28,10,114.46667814254761
2,0.6092344348629316,0.5694444444444444,0.5873953823953825,0.0,0.0,0.0,0.6428571428571429,0,0,18,10,28,10,110.50367403030396
3,0.5442578878931024,0.7611111111111111,0.5512787212787212,0.0,0.0,0.0,0.6428571428571429,0,0,18,10,28,10,110.43912887573242
4,0.4753695393376278,0.6000000000000001,0.4172703745529833,0.0,0.0,0.0,0.6071428571428571,0,1,17,10,28,10,110.41123008728027
