epoch,train_loss,val_auroc,val_ap,val_f1,val_precision,val_recall,val_accuracy,val_tp,val_fp,val_tn,val_fn,val_n,val_n_pos,elapsed_sec
1,0.7244869926396538,0.6166666666666667,0.5225202475841862,0.5185185185185185,0.4117647058823529,0.7,0.5357142857142857,7,10,8,3,28,10,4.006639719009399
2,0.6552479828105253,0.6111111111111112,0.4816156126482213,0.375,0.5,0.3,0.6428571428571429,3,3,15,7,28,10,3.6901793479919434
3,0.6392416866386638,0.6694444444444445,0.5556843311487274,0.5454545454545454,0.5,0.6,0.6428571428571429,6,6,12,4,28,10,3.7393360137939453
4,0.5195069926626542,0.688888888888889,0.6666071428571427,0.48,0.4,0.6,0.5357142857142857,6,9,9,4,28,10,3.746325969696045
5,0.4010109121308607,0.6777777777777778,0.5960769347611452,0.4,0.6,0.3,0.6785714285714286,3,2,16,7,28,10,3.7039716243743896
6,0.25722814044531656,0.6555555555555556,0.623116515837104,0.4,0.4,0.4,0.5714285714285714,4,6,12,6,28,10,3.7347660064697266
7,0.18160072626436458,0.6777777777777778,0.6002744039586145,0.42105263157894735,0.4444444444444444,0.4,0.6071428571428571,4,5,13,6,28,10,3.7178232669830322
