epoch,train_loss,val_auroc,val_ap,val_f1,val_precision,val_recall,val_accuracy,val_tp,val_fp,val_tn,val_fn,val_n,val_n_pos,elapsed_sec
1,0.7176772306362788,0.53,0.4923126873126873,0.5294117647058824,0.375,0.9,0.4666666666666667,9,15,5,1,30,10,4.031969308853149
2,0.6911681989828745,0.75,0.63004107004107,0.2857142857142857,0.5,0.2,0.6666666666666666,2,2,18,8,30,10,3.6875386238098145
3,0.6310579693979688,0.7725,0.7108116883116883,0.0,0.0,0.0,0.6666666666666666,0,0,20,10,30,10,3.6943156719207764
4,0.5327528450224135,0.805,0.8009870876250186,0.7272727272727273,0.6666666666666666,0.8,0.8,8,4,16,2,30,10,3.6929144859313965
5,0.4051004714436001,0.8250000000000001,0.8042897842897841,0.7058823529411765,0.8571428571428571,0.6,0.8333333333333334,6,1,19,4,30,10,3.7091097831726074
6,0.2577662410007583,0.7875000000000001,0.751352657004831,0.3076923076923077,0.6666666666666666,0.2,0.7,2,1,19,8,30,10,3.710580587387085
7,0.17339811929398113,0.6849999999999999,0.6799487179487179,0.0,0.0,0.0,0.6666666666666666,0,0,20,10,30,10,3.7268478870391846
8,0.12452665136920081,0.78,0.7229945054945055,0.5333333333333333,0.8,0.4,0.7666666666666667,4,1,19,6,30,10,3.717930793762207
