epoch,train_loss,val_auroc,val_ap,val_f1,val_precision,val_recall,val_accuracy,val_tp,val_fp,val_tn,val_fn,val_n,val_n_pos,elapsed_sec
1,0.7043403420183394,0.5,0.3486630036630036,0.5,0.3333333333333333,1.0,0.3333333333333333,10,20,0,0,30,10,9.260008811950684
2,0.6971966061327193,0.42749999999999994,0.31895624762103286,0.0,0.0,0.0,0.6,0,2,18,10,30,10,8.868726968765259
3,0.6961646576722463,0.385,0.3054022988505747,0.0,0.0,0.0,0.6666666666666666,0,0,20,10,30,10,8.849931240081787
4,0.6762032674418555,0.41,0.31604098481497855,0.10526315789473684,0.1111111111111111,0.1,0.43333333333333335,1,8,12,9,30,10,8.86599349975586
