epoch,train_loss,val_auroc,val_ap,val_f1,val_precision,val_recall,val_accuracy,val_tp,val_fp,val_tn,val_fn,val_n,val_n_pos,elapsed_sec
1,0.7291574392999921,0.48250000000000004,0.34615384615384615,0.5,0.3333333333333333,1.0,0.3333333333333333,10,20,0,0,30,10,30.064918041229248
2,0.7070378908089229,0.4425,0.3259586740096485,0.0,0.0,0.0,0.6666666666666666,0,0,20,10,30,10,29.909285306930542
3,0.690914991072246,0.61,0.44496547851517426,0.5,0.34615384615384615,0.9,0.4,9,17,3,1,30,10,29.771275520324707
4,0.576412672655923,0.37,0.29374882151096987,0.0,0.0,0.0,0.6666666666666666,0,0,20,10,30,10,29.726196765899658
5,0.7254564583301544,0.5975,0.4623132958659274,0.5517241379310345,0.42105263157894735,0.8,0.5666666666666667,8,11,9,2,30,10,29.792601108551025
6,0.6024848452636173,0.65,0.48159923409923405,0.15384615384615385,0.3333333333333333,0.1,0.6333333333333333,1,2,18,9,30,10,29.85452675819397
7,0.4051657272236688,0.5874999999999999,0.4327574308084053,0.5185185185185185,0.4117647058823529,0.7,0.5666666666666667,7,10,10,3,30,10,29.73680353164673
8,0.2241131569658007,0.44999999999999996,0.34565374163377793,0.13333333333333333,0.2,0.1,0.5666666666666667,1,4,16,9,30,10,29.915415048599243
9,0.13914121804492816,0.47,0.3532327586206896,0.13333333333333333,0.2,0.1,0.5666666666666667,1,4,16,9,30,10,29.727688789367676
