epoch,train_loss,val_auroc,val_ap,val_f1,val_precision,val_recall,val_accuracy,val_tp,val_fp,val_tn,val_fn,val_n,val_n_pos,elapsed_sec
1,0.6843525136218351,0.4388888888888889,0.4811309523809524,0.0,0.0,0.0,0.6428571428571429,0,0,18,10,28,10,7.604258298873901
2,0.6888337836546057,0.6333333333333333,0.4985665701687373,0.0,0.0,0.0,0.6428571428571429,0,0,18,10,28,10,7.220739364624023
3,0.7016169919687159,0.575,0.4264869188782232,0.0,0.0,0.0,0.6428571428571429,0,0,18,10,28,10,7.231748580932617
4,0.7449851456810447,0.4361111111111111,0.35313337390736776,0.5263157894736842,0.35714285714285715,1.0,0.35714285714285715,10,18,0,0,28,10,7.235501050949097
5,0.6874415523865643,0.5222222222222223,0.39952098435508043,0.45161290322580644,0.3333333333333333,0.7,0.39285714285714285,7,14,4,3,28,10,7.239374876022339
