epoch,train_loss,val_auroc,val_ap,val_f1,val_precision,val_recall,val_accuracy,val_tp,val_fp,val_tn,val_fn,val_n,val_n_pos,elapsed_sec
1,0.7451085282696618,0.535,0.3882193732193732,0.3,0.3,0.3,0.5333333333333333,3,7,13,7,30,10,4.996896266937256
2,0.6417715615696378,0.4225,0.30744215044215045,0.0,0.0,0.0,0.5333333333333333,0,4,16,10,30,10,4.639247894287109
3,0.5380171967877282,0.475,0.3596259880470407,0.3783783783783784,0.25925925925925924,0.7,0.23333333333333334,7,20,0,3,30,10,4.609624624252319
4,0.38585657874743146,0.45999999999999996,0.3389245014245015,0.5185185185185185,0.4117647058823529,0.7,0.5666666666666667,7,10,10,3,30,10,4.665673494338989
