epoch,train_loss,val_auroc,val_ap,val_f1,val_precision,val_recall,val_accuracy,val_tp,val_fp,val_tn,val_fn,val_n,val_n_pos,elapsed_sec
1,0.6958142121632894,0.34500000000000003,0.3577885643767996,0.375,0.2727272727272727,0.6,0.3333333333333333,6,16,4,4,30,10,4.243518590927124
2,0.6931955483224657,0.4,0.3835094756107934,0.21052631578947367,0.2222222222222222,0.2,0.5,2,7,13,8,30,10,3.7896382808685303
3,0.6949564152293735,0.385,0.3706190476190476,0.5,0.3333333333333333,1.0,0.3333333333333333,10,20,0,0,30,10,4.019043922424316
4,0.666985723707411,0.35,0.2888482570061518,0.32,0.26666666666666666,0.4,0.43333333333333335,4,11,9,6,30,10,4.296172380447388
5,0.6366460786925422,0.2675,0.25718434343434343,0.0,0.0,0.0,0.6333333333333333,0,1,19,10,30,10,4.245148420333862
