epoch,train_loss,val_auroc,val_ap,val_f1,val_precision,val_recall,val_accuracy,val_tp,val_fp,val_tn,val_fn,val_n,val_n_pos,elapsed_sec
1,0.7059177772866355,0.51,0.47239942528735634,0.35714285714285715,0.2777777777777778,0.5,0.4,5,13,7,5,30,10,5.169436931610107
2,0.6822142203648885,0.45000000000000007,0.4040611562350693,0.3333333333333333,0.2857142857142857,0.4,0.4666666666666667,4,10,10,6,30,10,4.68696665763855
3,0.6043351491292318,0.545,0.4329365079365079,0.4166666666666667,0.35714285714285715,0.5,0.5333333333333333,5,9,11,5,30,10,4.795348167419434
4,0.4991977877087063,0.535,0.41252966331913704,0.25,0.3333333333333333,0.2,0.6,2,4,16,8,30,10,4.8146538734436035
5,0.3888795135749711,0.5650000000000001,0.44196668583001736,0.38095238095238093,0.36363636363636365,0.4,0.5666666666666667,4,7,13,6,30,10,4.908254146575928
6,0.2389445991979705,0.53,0.45609890109890106,0.25,0.3333333333333333,0.2,0.6,2,4,16,8,30,10,4.802228689193726
7,0.18162493697471088,0.535,0.4509719528837175,0.43478260869565216,0.38461538461538464,0.5,0.5666666666666667,5,8,12,5,30,10,4.807694435119629
8,0.09513974396718873,0.5449999999999999,0.45724664224664224,0.43478260869565216,0.38461538461538464,0.5,0.5666666666666667,5,8,12,5,30,10,4.7908775806427
